Bitki_Hastalik,Cozum,Sure,Mekan,Tedavi
Apple leaf_Black rot,kimyasal,uzun vade,ev,Kış budaması yaparak enfekte olmuş dalları kesin. Bahar başında Captan bazlı fungisit uygulayın. Düzenli sulama ile ağacın direncini arttırmış olursunuz.
Apple leaf_Black rot,kimyasal,uzun vade,bahçe,Bakır bazlı fungisit kullanın. Fire blight enfeksiyonlarını kontrol altında tutarak hastalık riskini azaltın. Kuru mevsimlerde düzenli sulama sağlayın.
Apple leaf_Black rot,kimyasal,uzun vade,sera,Serada nem kontrolü yaparak mantar sporlarının yayılımını önleyin. Kükürt içerikli fungisitleri kış sonu veya erken ilkbaharda uygulayın.
Apple leaf_Black rot,kimyasal,kısa vade,ev,Hastalığın ilk belirtilerinde Captan fungisit uygulayın. Enfekte olmuş yaprakları toplayın ve uzaklaştırın.
Apple leaf_Black rot,kimyasal,kısa vade,bahçe,Bakır bazlı fungisit ile enfekte yaprakları ve dalları tedavi edin. Şiddetli enfeksiyon durumunda ek bir fungisit uygulaması yapabilirsiniz.
Apple leaf_Black rot,kimyasal,kısa vade,sera,Hastalığın hızlı yayılmasını önlemek için kükürt içerikli sprey kullanın. Hava sirkülasyonunu artırmak için serayı düzenli havalandırın.
Apple leaf_Black rot,doğal,uzun vade,ev,Kışın enfekte olmuş dalları budayın ve bahar aylarında organik bakır içeren bir ürün uygulayın. Ağacın çevresini malçla kaplayarak toprağın nemini koruyun.
Apple leaf_Black rot,doğal,uzun vade,bahçe,Düzenli sulama yaparak ağacın stresini azaltın. Enfekte olmuş dalları olabildiğinde çabuk kesin.
Apple leaf_Black rot,doğal,uzun vade,sera,Nem kontrolü yaparak mantar sporlarının yayılımını engelleyin. Faydalı mikroorganizmalar içeren organik ürünler kullanarak mantar büyümesini engelleyin.
Apple leaf_Black rot,doğal,kısa vade,ev,Enfekte olmuş dalları ve yaprakları ağaçtan temizleyin. Ağaç yapraklarına Neem yağı uygulayın.
Apple leaf_Black rot,doğal,kısa vade,bahçe,Hastalığın başlangıcında zayıf yaprakları budayın ve organik bakır içerikli sprey kullanın. Hastalıklı yaprakları kompost yapmadan uzaklaştırın.
Apple leaf_Black rot,doğal,kısa vade,sera,Organik bir kükürt spreyi ile yaprakları düzenli olarak tedavi edin. Mantar sporlarının yayılmasını engelleyin.
Apple leaf_Gray spot,kimyasal,uzun vade,ev,Bahar başlangıcında bakır veya mancozeb içerikli fungisit uygulayın. Yaprakların düzenli kontrolünü yaparak enfeksiyonu erken fark edin.
Apple leaf_Gray spot,kimyasal,uzun vade,bahçe,Budama yaparak ağacın hava akışını artırın ve büyüme sezonu boyunca koruyucu bakır bazlı fungisit kullanın. Toprak sağlığını desteklemek için düzenli gübreleme yapabilirsiniz.
Apple leaf_Gray spot,kimyasal,uzun vade,sera,Serada nem seviyesini kontrol edin ve ilkbaharda sistemik bir fungisit uygulayın. Kükürt bazlı fungisitler serada uzun vadeli koruma için etkilidir.
Apple leaf_Gray spot,kimyasal,kısa vade,ev,Hemen propineb içerikli bir fungisit uygulayın. Enfekte olmuş yaprakları toplayarak yayılmayı önleyin.
Apple leaf_Gray spot,kimyasal,kısa vade,bahçe,Bakır bazlı fungisitle hızlı bir müdahale yapın. Ağacın altındaki yaprakları toplayıp uzaklaştırarak hastalığın yayılmasını engelleyin.
Apple leaf_Gray spot,kimyasal,kısa vade,sera,Kükürt bazlı fungisitleri serada haftalık olarak uygulayın. Hava sirkülasyonunu artırarak enfeksiyonun hızla yayılmasını engelleyin.
Apple leaf_Gray spot,doğal,uzun vade,ev,Neem yağı veya organik bakır bazlı spreyleri düzenli olarak kullanın. Toprağı malçla kaplayarak bitkinin nem dengesini koruyun.
Apple leaf_Gray spot,doğal,uzun vade,bahçe,Bahar başında enfekte dalları budayın ve kompost çayı gibi doğal gübrelerle ağacın bağışıklığını artırın. Yaprakların nemli kalmasını önlemek için sabah erken sulama yapın.
Apple leaf_Gray spot,doğal,uzun vade,sera,Serada nem kontrolü sağlayarak mantar sporlarının yayılmasını engelleyin. Faydalı mikroorganizmalar içeren organik ürünleri düzenli olarak kullanabilirsiniz.
Apple leaf_Gray spot,doğal,kısa vade,ev,Enfekte yaprakları temizleyip Neem yağı püskürtün. Ayrıca ağacın etrafındaki yabancı otları temizleyerek bitkinin sağlıklı büyümesini destekleyin.
Apple leaf_Gray spot,doğal,kısa vade,bahçe,Karbonatlı su (1 litre suya 1 tatlı kaşığı karbonat) yapraklara uygulayarak mantarın büyümesini durdurun. Hasta yaprakları kompost yapmadan uzaklaştırın.
Apple leaf_Gray spot,doğal,kısa vade,sera,Organik kükürt spreyiyle haftalık uygulama yaparak hastalığın yayılmasını önleyin. Seranın hava akışını artırmak için düzenli havalandırma yapın.
Apple leaf_Healthy,kimyasal,uzun vade,ev,Sağlıklı elmalar için düzenli bakım yapın . Meyve ağaçlarının etrafında yabancı otları temizleyin. Kimyasal müdahale gerekmese de sağlıklı gelişim için azotlu gübreleme yapılabilir.
Apple leaf_Healthy,kimyasal,uzun vade,bahçe,Bahçenizdeki ağaçları periyodik olarak kontrol edin. İhtiyaç duyulduğunda bakır bazlı fungisit kullanın.
Apple leaf_Healthy,kimyasal,uzun vade,sera,Serada uygun nem dengesini sağlayarak mantar sporlarının yayılmasını engelleyin. Sağlıklı büyüme için düzenli gübreleme yapın.
Apple leaf_Healthy,kimyasal,kısa vade,ev,Ağaçlarınızda herhangi bir hastalık belirtisi gözlemlenmediği sürece kimyasal tedavi gerekmez. Yalnızca gerekli gübrelemeyi ve sulamayı yapın.
Apple leaf_Healthy,kimyasal,kısa vade,bahçe,Sağlıklı bitkilerde hastalık gelişimini engellemek için bakır bazlı ürünler kullanılabilir ancak uzun süreli tedaviye gerek yoktur.
Apple leaf_Healthy,kimyasal,kısa vade,sera,Serada ortam kontrolü ve periyodik gübreleme ile elma ağaçlarınızın sağlığını sürdürebilirsiniz. Fungisit kullanımına gerek yoktur.
Apple leaf_Healthy,doğal,uzun vade,ev,Sağlıklı elmalar için düzenli su verme ve gübreleme sağlıklı büyümeyi teşvik eder. Bitki örtüsü temizliği ve kompost kullanımı toprak sağlığını artırır.
Apple leaf_Healthy,doğal,uzun vade,bahçe,Bitkinin doğal büyümesini destekleyin. Aşırı sulamadan kaçının ve toprağı nemli tutun. Organik gübreler ve doğal ürünler kullanın.
Apple leaf_Healthy,doğal,uzun vade,sera,Serada nem dengesini iyi sağlamak önemlidir. Düzenli kontrollere devam edin.
Apple leaf_Healthy,doğal,kısa vade,ev,Evinizde sağlıklı elmalar için bitki sağlığını destekleyen doğal gübreler kullanabilirsiniz.
Apple leaf_Healthy,doğal,kısa vade,bahçe,Toprağa organik malç ekleyerek suyun tutulumunu artırabilir ve meyve ağaçlarınızın daha sağlıklı büyümesini sağlayabilirsiniz.
Apple leaf_Healthy,doğal,kısa vade,sera,Elmanız daha da sağlıklı olsun istiyorsanız organik malç kullanarak bitkilerin etrafındaki nemi koruyun ve doğal gübreleme yöntemleriyle büyümeyi destekleyin.
Apple leaf_Rust,kimyasal,uzun vade,ev,Elma ağaçlarınızda pas hastalığının önlenmesi için düzenli olarak bakır bazlı fungisit uygulamaları yapın. Ağaç etrafındaki yabancı otları temizleyin ve sağlıklı bitkilerin büyümesini desteklemek için uygun sulama yapın.
Apple leaf_Rust,kimyasal,uzun vade,bahçe,Bahçenizdeki elma ağaçlarını periyodik olarak kontrol edin ve pas hastalığına karşı bakır bazlı fungisit kullanarak tedavi edin. Ayrıca kuru dönemlerde düzenli sulama yaparak ağacınızın direncini artırın.
Apple leaf_Rust,kimyasal,uzun vade,sera,Serada mantar sporlarının yayılmasını önlemek için nem kontrolü yapın ve gerektiğinde kükürt içerikli fungisitleri kullanın. Hava sirkülasyonunu düzenleyerek tedavi sürecini hızlandırın.
Apple leaf_Rust,kimyasal,kısa vade,ev,Pas belirtilerinin ilk görüldüğü anda kimyasal fungisit uygulaması yapın. Ayrıca hastalıklı yaprakları toplayıp uzaklaştırarak hastalığın yayılmasını engelleyin.
Apple leaf_Rust,kimyasal,kısa vade,bahçe,Hastalığın hızlı yayılmasını önlemek için çiçeklenme döneminde bakır bazlı fungisit ile tedavi yapın. Şiddetli enfeksiyon durumunda ek bir uygulama yapabilirsiniz.
Apple leaf_Rust,kimyasal,kısa vade,sera,Sera koşullarında mantar sporlarının yayılmasını önlemek için kükürt içerikli fungisitleri uygulayın. Hava sirkülasyonunu artırarak tedavi sürecini hızlandırın.
Apple leaf_Rust,doğal,uzun vade,ev,Çevresini malçla kaplayarak ağacınızın nem dengesini sağlayın. Ayrıca düzenli olarak organik gübre kullanarak bitkinin sağlığını destekleyin.
Apple leaf_Rust,doğal,uzun vade,bahçe,Elma ağaçlarının etrafını düzenli olarak malçlayarak nemi artırın. Toprağa doğal gübreler ekleyerek ağacınızın sağlıklı büyümesini sağlayın.
Apple leaf_Rust,doğal,uzun vade,sera,Serada nem seviyesini dikkatli şekilde kontrol edin ve organik kükürt kullanarak hastalığın yayılmasını engelleyin. Ayrıca seradaki hava akışını iyileştirin.
Apple leaf_Rust,doğal,kısa vade,ev,Enfekte olmuş yaprakları kesip Neem yağı uygulayarak doğal tedavi sağlayabilirsiniz. Ayrıca bitkinin etrafındaki yabancı otları temizleyin.
Apple leaf_Rust,doğal,kısa vade,bahçe,Pas hastalığı başladığında hastalıklı yaprakları budayıp uzaklaştırın ve organik bakır bazlı sprey uygulayın. Hastalıklı yaprakları kompost yapmadan uzaklaştırın.
Apple leaf_Rust,doğal,kısa vade,sera,Serada doğal kükürt spreyi kullanarak pas hastalığını tedavi edin ve hastalıklı yaprakları uzaklaştırın. Ayrıca serayı düzenli olarak havalandırın.
Apple leaf_Scab,kimyasal,uzun vade,ev,Çiçek gözleri kabardığında %2'lik Bordo Bulamacı veya bakırlı preparatların %0.8 dozunda uygulayın. Bu ilaçlamalar  meyve ağaçlarındaki kara leke hastalığını kontrol altında tutar.
Apple leaf_Scab,kimyasal,uzun vade,bahçe,Bahçenizde çiçeklenme dönemi öncesinde %2'lik Bordo Bulamacı veya bakırlı preparatların %0.8 dozunda uygulayın. Hava akımını iyileştirici önlemlerle birlikte ilaçlamayı yapın.
Apple leaf_Scab,kimyasal,uzun vade,sera,Serada nem seviyesini dikkatli şekilde kontrol ederek %2'lik Bordo Bulamacı kullanın. İlaçlamalar  2-3 haftada bir yapılmalıdır ve sera içindeki hava akışını iyileştirmek önemlidir.
Apple leaf_Scab,kimyasal,kısa vade,ev,Hastalığın erken belirtilerinde %0.8'lik bakırlı preparatlar kullanarak tedavi yapın. Enfekte olmuş yaprakları toplayıp uzaklaştırarak hastalığın yayılmasını engelleyin.
Apple leaf_Scab,kimyasal,kısa vade,bahçe,Hastalığın hızlı yayılmasını önlemek için çiçek taç yaprakları döküldükten sonra %0.4 dozunda bakırlı preparat kullanarak tedavi yapın.
Apple leaf_Scab,kimyasal,kısa vade,sera,Serada mantar sporlarının yayılmasını engellemek için %0.4 dozunda bakırlı preparat kullanarak tedavi yapın. Sera koşullarındaki hava sirkülasyonunu artırarak tedavi sürecini hızlandırın.
Apple leaf_Scab,doğal,uzun vade,ev,Elma ağaçlarınızın etrafını malçlayarak nem dengesini sağlayın. Ayrıca organik gübreler kullanarak ağaçlarınızın sağlığını destekleyin.
Apple leaf_Scab,doğal,uzun vade,bahçe,Bahçenizdeki elma ağaçlarını hava akışını artırarak taçlayın ve düzenli olarak toprağı malçlayarak nem dengesini sağlayın.
Apple leaf_Scab,doğal,uzun vade,sera,Serada nem seviyesini koruyarak organik kükürt kullanın. Sera içindeki hava akışını iyileştirin ve doğal tedavi yöntemleriyle bitkinin sağlığını destekleyin.
Apple leaf_Scab,doğal,kısa vade,ev,Hastalıklı yaprakları temizleyin ve organik bakır içeren sprey ile tedavi yapın. Enfekte olmuş yaprakları toplayıp kompost yapmadan uzaklaştırın.
Apple leaf_Scab,doğal,kısa vade,bahçe,Kısa vade tedavi için hastalıklı yaprakları budayıp uzaklaştırın ve organik bakır bazlı sprey uygulayın. Bahçenizin etrafını düzenli olarak malçlayarak bitkinin sağlığını artırın.
Apple leaf_Scab,doğal,kısa vade,sera, Serada organik kükürt spreyi kullanarak pas hastalığını tedavi edin ve hastalıklı yaprakları uzaklaştırın. Seradaki nem seviyesini dikkatli şekilde kontrol edin.
Bell Pepper leaf_Bacterial spot,kimyasal,uzun vade,ev,Hastalıklı yerler için oksiklorid veya bakır hidroksit içeren koruyucu fungisitler uygulayın.
Bell Pepper leaf_Bacterial spot,kimyasal,uzun vade,bahçe,İlaçlamayı 7-10 günlük aralıklarla bakır bazlı ürünlerle düzenli olarak yapın. Bulaşıcı hastalıkları önlemek için damla sulama kullanın ve yaprak ıslatmadan sulama yapmaya özen gösterinâ€‹.
Bell Pepper leaf_Bacterial spot,kimyasal,uzun vade,sera,Yüksek nemi azaltmak için düzenli havalandırma yapın. Bakteriyel enfeksiyonları kontrol altına almak için kireç-kükürt karışımı gibi bakırlı ürünleri sezon boyunca kullanınâ€‹.
Bell Pepper leaf_Bacterial spot,kimyasal,kısa vade,ev,İlk enfeksiyon belirtilerinde hemen bakır oksiklorid içeren bir fungisit uygulayın. Hasta yaprakları toplayıp ortamdan uzaklaştırınâ€‹.
Bell Pepper leaf_Bacterial spot,kimyasal,kısa vade,bahçe,Bakteriyel belirtiler ortaya çıktığında bakırlı bir koruyucu uygulayın. Yağmurdan sonra koruma için fungisit tekrar uygulanabilirâ€‹.
Bell Pepper leaf_Bacterial spot,kimyasal,kısa vade,sera,Serada kükürt bazlı ilaçlar kullanarak hızlı müdahale yapın. Enfekte bitkileri izole edin ve sera içindeki bitki yoğunluğunu azaltarak hava akışını artırınâ€‹.
Bell Pepper leaf_Bacterial spot,doğal,uzun vade,ev,Organik kompost kullanarak toprak sağlığını iyileştirin ve bitki direncini artırınâ€‹.
Bell Pepper leaf_Bacterial spot,doğal,uzun vade,bahçe,Bahçe alanında ekim nöbeti uygulayın. Toprağı zenginleştirmek için doğal gübreler ve mikrobiyal toprak destek ürünleri kullanınâ€‹.
Bell Pepper leaf_Bacterial spot,doğal,uzun vade,sera,Serada nem seviyesini kontrol edin ve doğal koruyucu olarak Neem yağı veya sirkeli su spreyleri kullanınâ€‹.
Bell Pepper leaf_Bacterial spot,doğal,kısa vade,ev,Hasta yaprakları temizleyip neem yağı püskürtün. Toprak üstüne malç uygulayarak hastalık sporlarının yayılmasını önleyinâ€‹.
Bell Pepper leaf_Bacterial spot,doğal,kısa vade,bahçe,Karbonatlı su (1 litre suya 1 çay kaşığı karbonat) veya elma sirkesi karışımı ile yapraklara sprey yapın. Enfekte yaprakları yakarak ortamdan uzaklaştırınâ€‹.
Bell Pepper leaf_Bacterial spot,doğal,kısa vade,sera,Organik kükürt spreyi ile düzenli tedavi yaparak bakteriyel lekeyi kontrol altına alın. Serada fazla sulamadan kaçının ve bitkilerin arasında yeterli mesafe bırakınâ€‹.
Bell Pepper leaf_Healthy,kimyasal,uzun vade,ev,Koruyucu bir yöntem olarak azotlu gübreleri kontrollü şekilde uygulayın. Gerektiğinde bakırlı ürünlerle koruma sağlayınâ€‹.
Bell Pepper leaf_Healthy,kimyasal,uzun vade,bahçe,Ekimden önce toprak analizi yaptırarak doğru gübreleme planı uygulayın. Bakır bazlı ürünlerle sezon başında koruyucu tedavi yapabilirsinizâ€‹.
Bell Pepper leaf_Healthy,kimyasal,uzun vade,sera,Serada nem kontrolü yaparak mantar ve bakteriyel hastalıkları önleyin. Dengeli gübreleme ile bitki sağlığını destekleyinâ€‹.
Bell Pepper leaf_Healthy,kimyasal,kısa vade,ev,Gerekli gübreleme ve sulamayı yaparak sağlıklı yaprakları koruyabilirsiniz. Kimyasal müdahaleye ihtiyaç duymadıkça başlamayınâ€‹.
Bell Pepper leaf_Healthy,kimyasal,kısa vade,bahçe,Sağlıklı bitkilerde yalnızca koruyucu bakırlı ürünler kullanabilirsiniz. Aşırı sulamadan kaçınınâ€‹.
Bell Pepper leaf_Healthy,kimyasal,kısa vade,sera,Sağlıklı yaprakları korumak için sıcaklık ve nem dengesini sağlayınâ€‹.
Bell Pepper leaf_Healthy,doğal,uzun vade,ev,Evinizde düzenli olarak bitkilere organik kompost uygulayın. Toprak yapısını iyileştirerek bitki bağışıklığını artırınâ€‹.
Bell Pepper leaf_Healthy,doğal,uzun vade,bahçe,Bahçede düzenli sulama ve organik malç kullanarak toprağı nemli tutun. Toprak sağlığını desteklemek için doğal gübreler kullanınâ€‹.
Bell Pepper leaf_Healthy,doğal,uzun vade,sera,Serada doğal havalandırma sistemleri kurarak nemi kontrol edin. Sağlıklı büyüme için mikrobiyal toprak destek ürünleri kullanabilirsinizâ€‹.
Bell Pepper leaf_Healthy,doğal,kısa vade,ev,Sağlıklı bitkiler için haftalık Neem yağı uygulaması yaparak doğal koruma sağlayabilirsiniz. Bitki bakımını düzenli olarak yapınâ€‹.
Bell Pepper leaf_Healthy,doğal,kısa vade,bahçe,Organik gübreler ve doğal koruyucu ürünlerle sağlıklı yaprakları destekleyin. Malç ekleyerek toprağı nemli tutabilirsinizâ€‹.
Bell Pepper leaf_Healthy,doğal,kısa vade,sera,Doğal gübreleme yöntemlerini tercih edin. Bitki aralarını düzenli olarak kontrol ederek olası hastalıkları önleyinâ€‹.
Cherry leaf_Healthy,kimyasal,uzun vade,ev,Yaprakların sağlığını korumak için bakır bazlı fungisitler sezon başında koruyucu olarak uygulanabilir. Ayrıca yaprak analiziyle ihtiyaç duyulan gübreler düzenli olarak kullanılmalıdır.
Cherry leaf_Healthy,kimyasal,uzun vade,bahçe,Bahçede bakır veya mancozeb içeren ürünler sezon boyunca düzenli aralıklarla kullanılabilir. Toprak ve yaprak analizine dayalı gübreleme yapılarak bitkilerin direnci artırılmalıdır.
Cherry leaf_Healthy,kimyasal,uzun vade,sera,Serada nem kontrolü yapılarak koruyucu bakır bazlı spreyler kullanılabilir. Ayrıca sera içindeki bitkiler için dengeli gübreleme programı uygulanmalıdır.
Cherry leaf_Healthy,kimyasal,kısa vade,ev,Kiraz yapraklarında hastalık belirtisi görülmese bile gerekli durumlarda düşük dozda bakırlı koruyucu uygulamalar yapılabilir. Genel bakım aksatılmamalıdır.
Cherry leaf_Healthy,kimyasal,kısa vade,bahçe,Erken ilkbaharda düşük doz bakır bazlı bir fungisit uygulanabilir. Yaprak dökümü sırasında enfekte yapraklar temizlenmelidir.
Cherry leaf_Healthy,kimyasal,kısa vade,sera,Sera koşullarında mantar hastalıkları yayılmadan koruma için hafif bakır içerikli spreyler kullanılabilir. Bitki yoğunluğu ve havalandırma düzenlenmelidir.
Cherry leaf_Healthy,doğal,uzun vade,ev,Düzenli organik gübreleme ve kompost kullanarak yaprak sağlığı desteklenebilir. Toprak üstüne malç eklemek bitkiyi nem kaybına karşı korur.
Cherry leaf_Healthy,doğal,uzun vade,bahçe,Doğal yöntemlerle yaprak sağlığını korumak için neem yağı ve kompost gibi doğal malzemeler kullanılabilir. Budama ve temizleme ile hava akışı artırılmalıdır.
Cherry leaf_Healthy,doğal,uzun vade,sera,Serada nem kontrolünü sağlamak için doğal havalandırma yapılmalı. Neem yağı veya sirkeli su gibi doğal koruyucu spreyler düzenli kullanılabilir.
Cherry leaf_Healthy,doğal,kısa vade,ev,Organik yöntemlerle yaprakları korumak için karbonatlı su (1 litre suya 1 çay kaşığı karbonat) püskürtülebilir. Enfekte olmuş yapraklar temizlenmelidir.
Cherry leaf_Healthy,doğal,kısa vade,bahçe,Sütlü su (1 ölçü süt ve  9 ölçü su) ile yapraklar tedavi edilebilir. Hastalıklı yaprakları ortamdan uzaklaştırarak yayılmayı engelleyin.
Cherry leaf_Healthy,doğal,kısa vade,sera,Sera koşullarında neem yağı veya karbonatlı su kullanılarak yaprakların korunması sağlanabilir. Bitki araları açık tutularak hastalık yayılması önlenmelidir.
Cherry leaf_Powdery mildew,kimyasal,uzun vade,ev,Külleme kontrolü için erken ilkbaharda kükürt bazlı fungisitler uygulanabilir. Büyüme sezonu boyunca 2-3 haftada bir tekrar edilmelidir.
Cherry leaf_Powdery mildew,kimyasal,uzun vade,bahçe,Büyüme sezonunda sistemik bir fungisit (örneğin myclobutanil) kullanılabilir. Toprak ve hava sirkülasyonunu destekleyecek budama yapılmalıdır.
Cherry leaf_Powdery mildew,kimyasal,uzun vade,sera,Serada yüksek nemi azaltarak kükürt bazlı spreyler uzun vadeli koruma için kullanılabilir. Sezon boyunca düzenli uygulama yapılmalıdır.
Cherry leaf_Powdery mildew,kimyasal,kısa vade,ev,Hastalık başlangıcında sistemik fungisitler veya propineb bazlı ilaçlar hızlı bir şekilde uygulanabilir. Enfekte olmuş yaprakları hemen temizleyin.
Cherry leaf_Powdery mildew,kimyasal,kısa vade,bahçe,İlk belirtilerde triflumizole içeren bir fungisit kullanılarak hastalık kontrol altına alınabilir. Yağmurdan sonra koruyucu uygulamalar tekrarlanmalıdır.
Cherry leaf_Powdery mildew,kimyasal,kısa vade,sera,Külleme belirtileri görüldüğünde hemen kükürt içerikli bir sprey uygulayın. Seranın düzenli havalandırılmasını sağlayarak yayılmayı engelleyin.
Cherry leaf_Powdery mildew,doğal,uzun vade,ev,Neem yağı veya sirkeli su karışımıyla yapraklara düzenli olarak sprey yaparak külleme riskini azaltın. Sulama sırasında yaprakları kuru tutmaya özen gösterin.
Cherry leaf_Powdery mildew,doğal,uzun vade,bahçe,Doğal külleme kontrolü için kompost çayı veya sütlü su kullanabilirsiniz. Bitkiler arasında hava dolaşımını artıracak budama yapın.
Cherry leaf_Powdery mildew,doğal,uzun vade,sera,Serada neem yağı veya karbonatlı su karışımı düzenli uygulanarak külleme önlenebilir. Havanın serbest dolaşımını sağlamak için bitki aralıklarını düzenleyin.
Cherry leaf_Powdery mildew,doğal,kısa vade,ev,Hastalığın ilk belirtilerinde karbonatlı su püskürterek etkili bir doğal tedavi yapabilirsiniz. Etkilenen yaprakları temizleyip atın.
Cherry leaf_Powdery mildew,doğal,kısa vade,bahçe,Sütlü su (1:9 oranında) veya neem yağı uygulanabilir. Enfekte yaprakları toplayıp ortamdan uzaklaştırın.
Cherry leaf_Powdery mildew,doğal,kısa vade,sera,Külleme ile mücadelede organik kükürt spreyleri kullanarak serada hızlı bir müdahale yapın. Nem kontrolüne dikkat edin ve yaprak temizliği yapın.
Coffee leaf_Healthy,kimyasal,uzun vade,ev,Düzenli olarak bakır bazlı fungisitler kullanarak yaprak sağlığını koruyabilirsiniz. Ayrıca  bitki besin takviyeleriyle bitkinin direncini artırmak faydalı olacaktır.
Coffee leaf_Healthy,kimyasal,uzun vade,bahçe,Azoxystrobin veya mancozeb içeren fungisitleri sezon boyunca periyodik olarak uygulayarak kahve bitkilerinin yaprak sağlığını destekleyebilirsiniz.
Coffee leaf_Healthy,kimyasal,uzun vade,sera,Serada  gelişimini desteklemek için uygun dozlarda sistemik fungisitler kullanabilirsiniz. Ayrıca sera içindeki nem ve sıcaklık kontrolü de önemlidir.
Coffee leaf_Healthy,kimyasal,kısa vade,ev,Sağlıklı yaprakları desteklemek için düşük dozda bakır oksiklorid veya azotlu yaprak gübresi uygulayın. Hastalık belirtileri olmasa bile düzenli bakım yapın.
Coffee leaf_Healthy,kimyasal,kısa vade,bahçe,Büyüme sezonunda azoxystrobin veya mancozeb bazlı koruyucu fungisit uygulayın. Gübrelemeyi ihmal etmeyin.
Coffee leaf_Healthy,kimyasal,kısa vade,sera,Dengeli gübreleme ve düşük dozda koruyucu bir fungisit uygulayın. Bitki yoğunluğunu azaltarak hava sirkülasyonunu artırın.
Coffee leaf_Healthy,doğal,uzun vade,ev,Neem yağı veya sirkeli su gibi doğal çözeltilerle yaprakları düzenli olarak spreyleyerek hastalıkların önüne geçebilirsiniz. Ayrıca bitkiyi stresten korumak için uygun sulama yapın.
Coffee leaf_Healthy,doğal,uzun vade,bahçe,Toprağı organik maddeyle zenginleştirerek bitki direncini artırabilirsiniz. Ayrıca doğal predatörleri teşvik ederek zararlıların kontrolünü sağlayın.
Coffee leaf_Healthy,doğal,uzun vade,sera,Serada biyolojik kontrol ajanları kullanarak zararlıları doğal yolla kontrol edebilirsiniz. Ayrıca bitki çeşitliliğini artırarak ekosistemi dengeleyin.
Coffee leaf_Healthy,doğal,kısa vade,ev,Sağlıklı yaprakları desteklemek için neem yağı veya kompost çayıyla düzenli olarak sprey yapabilirsiniz. Bu bitkinin genel sağlığını korur ve direncini artırır.
Coffee leaf_Healthy,doğal,kısa vade,bahçe,Sağlıklı yaprakları teşvik etmek için organik sıvı gübreler (örneğin deniz yosunu özütü) kullanabilirsiniz. Ayrıca bitki çevresini malçla kaplamak toprak nemini korur.
Coffee leaf_Healthy,doğal,kısa vade,sera,Serada yaprak sağlığını artırmak için faydalı mikroorganizmalar içeren spreyler uygulayabilirsiniz. Hava sirkülasyonunu desteklemek için bitkileri düzenli aralıklarla kontrol edin.
Coffee leaf_Red spider mite,kimyasal,uzun vade,ev,Abamectin veya spirodiklofen içeren akarisitleri periyodik olarak uygulayarak kırmızı örümcek akarlarını kontrol altında tutabilirsiniz.
Coffee leaf_Red spider mite,kimyasal,uzun vade,bahçe,Bifenazate veya hexythiazox içeren akarisitleri sezon boyunca kullanarak akarların popülasyonunu düşük seviyede tutabilirsiniz.
Coffee leaf_Red spider mite,kimyasal,uzun vade,sera,Serada etoxazole veya fenpyroximate içeren akarisitleri düzenli olarak uygulayarak uzun vadeli kontrol sağlayabilirsiniz.
Coffee leaf_Red spider mite,kimyasal,kısa vade,ev,Hızlı etki eden bir piretroid bazlı akarisit kullanarak sorunu kontrol altına alabilirsiniz.
Coffee leaf_Red spider mite,kimyasal,kısa vade,bahçe,Yoğun akar istilasında  bifentrin içeren bir akarisit uygulayarak hızlı bir çözüm elde edebilirsiniz.
Coffee leaf_Red spider mite,kimyasal,kısa vade,sera,Serada ani akar artışlarında  fenpyroximate bazlı bir akarisit kullanarak hızlı müdahale yapabilirsiniz.
Coffee leaf_Red spider mite,doğal,uzun vade,ev,Neem yağı veya beyaz yağ (horticultural oil) kullanarak düzenli spreyler yapabilir ve akarların popülasyonunu kontrol edebilirsiniz.
Coffee leaf_Red spider mite,doğal,uzun vade,bahçe,Phytoseiulus persimilis gibi predatör böcekler kullanarak biyolojik kontrol sağlayabilirsiniz. Ayrıca bitki çeşitliliğini artırarak doğal dengeyi destekleyin.
Coffee leaf_Red spider mite,doğal,uzun vade,sera,Serada biyolojik kontrol ajanları ve neem yağı kullanarak doğal bir mücadele stratejisi oluşturabilirsiniz.
Coffee leaf_Red spider mite,doğal,kısa vade,ev,Sabunlu su (3 yemek kaşığı sıvı sabun ve  4 litre su) püskürterek akarları hızlıca kontrol edebilirsiniz.
Coffee leaf_Red spider mite,doğal,kısa vade,bahçe,Un çözeltisi (2 bardak un ve 5-10 litre su) yaprakların altına uygulayarak akarları etkisiz hale getirebilirsiniz.
Coffee leaf_Red spider mite,doğal,kısa vade,sera,Serada hızlı kontrol için sabunlu su veya un çözeltisi kullanarak akarları baskılayabilirsiniz.
Coffee leaf_Rust,kimyasal,uzun vade,ev,Düzenli olarak bakır bazlı fungisitler uygulayarak pas hastalığının önüne geçebilirsiniz. Ayrıca bitki besin takviyeleriyle bitkinin genel sağlığını destekleyin.
Coffee leaf_Rust,kimyasal,uzun vade,bahçe,Azoxystrobin veya tebuconazole içeren fungisitleri sezon boyunca periyodik olarak kullanarak pas hastalığını kontrol edebilirsiniz.
Coffee leaf_Rust,kimyasal,uzun vade,sera,Serada propiconazole veya mancozeb içeren fungisitleri düzenli olarak uygulayarak uzun vadeli koruma sağlayabilirsiniz.
Coffee leaf_Rust,kimyasal,kısa vade,ev,Hızlı etki eden bir bakır bazlı fungisit kullanarak hastalığı kontrol altına alın.
Coffee leaf_Rust,kimyasal,kısa vade,bahçe,Propiconazole veya chlorothalonil bazlı bir fungisit kullanarak hızlı müdahale edebilirsiniz.
Coffee leaf_Rust,kimyasal,kısa vade,sera,Mancozeb veya azoxystrobin bazlı bir fungisit uygulayın ve sera içindeki nemi kontrol edin.
Coffee leaf_Rust,doğal,uzun vade,ev,Neem yağı veya sirkeli su karışımıyla yapraklara düzenli olarak sprey yaparak pas hastalığını engelleyebilirsiniz.
Coffee leaf_Rust,doğal,uzun vade,bahçe,Kompost çayı veya sütlü su çözeltisiyle düzenli sprey uygulayarak doğal bir koruma sağlayabilirsiniz. Ayrıca bitkiler arasında hava akışını destekleyecek budama yapın.
Coffee leaf_Rust,doğal,uzun vade,sera,Serada organik kükürt ve Neem yağı kullanarak pas hastalığını önlemeye yönelik düzenli uygulamalar yapabilirsiniz. Nem kontrolü çok önemlidir.
Coffee leaf_Rust,doğal,kısa vade,ev,Karbonatlı su veya Neem yağı ile hızlı bir şekilde yapraklara sprey uygulayın.
Coffee leaf_Rust,doğal,kısa vade,bahçe,Sütlü su (1 ölçü süt ve  9 ölçü su) veya organik kükürt spreyleri ile yaprakları tedavi edin.
Coffee leaf_Rust,doğal,kısa vade,sera,Serada pas hastalığı belirtilerinde karbonatlı su veya neem yağı çözeltisiyle yaprakları hızlı bir şekilde sprey yaparak enfeksiyonu kontrol altına alın.
Corn leaf_Blight,kimyasal,uzun vade,ev,Dayanıklı mısır çeşitleri ekin ve hastalıklı artıkları düzenli olarak temizleyin.
Corn leaf_Blight,kimyasal,uzun vade,bahçe,Bahçede azot dengesine dikkat edin ve uygun fungisitlerle koruma sağlayın.
Corn leaf_Blight,kimyasal,uzun vade,sera,Serada düşük nem ve iyi havalandırma sağlayarak koruyucu fungisit kullanın.
Corn leaf_Blight,kimyasal,kısa vade,ev,Bakır bazlı fungisiti yapraklara uygulayarak hastalığı kontrol edin.
Corn leaf_Blight,kimyasal,kısa vade,bahçe,Sistemik bir fungisit püskürtün ve enfekte yaprakları hemen çıkarın.
Corn leaf_Blight,kimyasal,kısa vade,sera,Serada hızlı bir şekilde propiconazole bazlı fungisit uygulayın.
Corn leaf_Blight,doğal,uzun vade,ev,Kompost çayı püskürterek bitkinin yapraklarını güçlendirin.
Corn leaf_Blight,doğal,uzun vade,bahçe,Malç kullanarak nemi dengeleyin ve bitkiyi destekleyin.
Corn leaf_Blight,doğal,uzun vade,sera,Serada doğal mantar önleyicilerle yaprakları düzenli olarak besleyin.
Corn leaf_Blight,doğal,kısa vade,ev,Sütlü su karışımını bitkinin yapraklarına püskürtün.
Corn leaf_Blight,doğal,kısa vade,bahçe,Neem yağını sprey şişesine koyarak yapraklara püskürtün.
Corn leaf_Blight,doğal,kısa vade,sera,Sirke ve su karışımını yapraklara püskürterek hastalığı baskılayın.
Corn leaf_Gray spot,kimyasal,uzun vade,ev,Dengeli gübreleme yaparak bitkinin bağışıklığını destekleyin ve dayanıklı çeşitler seçin.
Corn leaf_Gray spot,kimyasal,uzun vade,bahçe,Ekim nöbeti yapın ve gübrelemeyi toprak analizi sonuçlarına göre ayarlayın.
Corn leaf_Gray spot,kimyasal,uzun vade,sera,Serada hava sirkülasyonunu artırın ve mısır saplarını hasat sonrası temizleyin.
Corn leaf_Gray spot,kimyasal,kısa vade,ev,Hastalığın başlangıç belirtilerinde uygun bir bakır fungisit uygulayın.
Corn leaf_Gray spot,kimyasal,kısa vade,bahçe,Bahçede etkili mücadele için sistemik fungisit püskürtün. İlaçlama sırasında çevre koşullarını göz önünde bulundurun.
Corn leaf_Gray spot,kimyasal,kısa vade,sera,Hastalığı hızlı kontrol altına almak için serada mantar ilacı kullanın.
Corn leaf_Gray spot,doğal,uzun vade,ev,Organik gübre kullanarak toprak sağlığını artırın ve dayanıklı çeşitler tercih edin.
Corn leaf_Gray spot,doğal,uzun vade,bahçe,Bahçede malç uygulaması yaparak hastalık yayılmasını önleyin.
Corn leaf_Gray spot,doğal,uzun vade,sera,Serada uygun bir bitki rotasyonu uygulayın ve doğal bitki koruyucular kullanın.
Corn leaf_Gray spot,doğal,kısa vade,ev,Sütlü su karışımı veya neem yağı püskürtün.
Corn leaf_Gray spot,doğal,kısa vade,bahçe,Kompost çayı ile yaprak besleme yapın.
Corn leaf_Gray spot,doğal,kısa vade,sera,Serada hızlı müdahale için sirke-su karışımı kullanarak yaprakları dezenfekte edin.
Corn leaf_Healthy,kimyasal,uzun vade,ev,Taneleri korumak ve verimi artırmak için mısırın gelişim evrelerinde önerilen fungisit ve azot bazlı gübreleri kullanın. Toprak analizi yaptırarak gübreleme programınızı oluşturun.
Corn leaf_Healthy,kimyasal,uzun vade,bahçe,Toprak analizi yaptırın ve dengeli kimyasal gübreleme yapın. Önerilen pestisitleri düzenli olarak uygulayın.
Corn leaf_Healthy,kimyasal,uzun vade,sera,Sağlıklı yaprak gelişimini desteklemek için uygun sistemik fungisitler ve dengeli gübreler kullanın. Seradaki nemi kontrol altında tutun.
Corn leaf_Healthy,kimyasal,kısa vade,ev,Yaprak sağlığını desteklemek için hızlı etkili kimyasal gübreler ve uygun pestisitler uygulayın.
Corn leaf_Healthy,kimyasal,kısa vade,bahçe,Sıvı yaprak gübresi ve hızlı etkili kimyasal pestisitler kullanın. Zararlıların yayılmasını önlemek için düzenli olarak yaprakları kontrol edin.
Corn leaf_Healthy,kimyasal,kısa vade,sera,Bitkiyi desteklemek için hızlı etkili bir fungisit ve yaprak gübresi kullanın. Hava sirkülasyonunun düzenli olmasını sağlayın.
Corn leaf_Healthy,doğal,uzun vade,ev,Sağlıklı mısır yaprakları için doğal kompost yapın ve organik malçlama uygulayın. Toprak mikrobiyal aktivitesini artırmak için düzenli olarak kompost çayı kullanın.
Corn leaf_Healthy,doğal,uzun vade,bahçe,Mısırın yaprak sağlığını korumak için yeşil gübreleme yapın ve organik malç ekleyin. Bitki direncini artırmak için biyostimülanlar uygulayın.
Corn leaf_Healthy,doğal,uzun vade,sera,Sağlıklı yaprak gelişimi için kompost çayı uygulayın ve organik maddelerle toprağı zenginleştirin. Faydalı mikroorganizmalar içeren biyostimülanlar kullanın.
Corn leaf_Healthy,doğal,kısa vade,ev,Doğal neem yağı spreyleri ve kompost çayı uygulayın.
Corn leaf_Healthy,doğal,kısa vade,bahçe,Organik sıvı gübreler ve doğal pestisitler kullanın. Zararlılara karşı biyolojik mücadele yöntemlerini deneyin.
Corn leaf_Healthy,doğal,kısa vade,sera,Doğal yaprak gübresi ve neem yağı spreyleri kullanın. Hava akışını artırarak bitki sağlığını destekleyin.
Corn leaf_Rust,kimyasal,uzun vade,ev,Sistematik bir fungisit olan azoxystrobin kullanın. Bitkiyi düzenli olarak kontrol ederek erken müdahale edin.
Corn leaf_Rust,kimyasal,uzun vade,bahçe,Bahçede pası kontrol etmek için propiconazole içeren bir sistemik fungisit uygulayın ve sezon boyunca koruyucu önlemleri devam ettirin.
Corn leaf_Rust,kimyasal,uzun vade,sera,Serada mısır pasını önlemek için etkili bir kimyasal olan mancozeb kullanın ve seradaki nem seviyesini düzenli olarak kontrol edin.
Corn leaf_Rust,kimyasal,kısa vade,ev,Hızlı etki için bitkinize sistemik fungisit uygulayın
Corn leaf_Rust,kimyasal,kısa vade,bahçe,Bahçede hastalık odaklı bir fungisit ile mısır yapraklarını koruyun.
Corn leaf_Rust,kimyasal,kısa vade,sera,Bitkinin yapraklarına bakır bazlı fungisit püskürtün.
Corn leaf_Rust,doğal,uzun vade,ev,Toprağınızı doğal malç ile besleyin ve organik gübreleme yapın.
Corn leaf_Rust,doğal,uzun vade,bahçe,Ekim nöbeti ile toprak sağlığını koruyun ve doğal bitki koruma uygulamaları yapın.
Corn leaf_Rust,doğal,uzun vade,sera,Serada mısırları desteklemek için kompost çayı uygulayın.
Corn leaf_Rust,doğal,kısa vade,ev,Hastalığın erken belirtilerine karşı neem yağı veya doğal kükürt spreyleri kullanın.
Corn leaf_Rust,doğal,kısa vade,bahçe,Kompost çayı ile bahçenizde bitki direncini artırarak pas hastalığını engelleyin.
Corn leaf_Rust,doğal,kısa vade,sera,Serada doğal kontrol için belli aralıklarla sütlü su püskürterek pas hastalığını engelleyin.
Cotton leaf_Bacterial blight,kimyasal,uzun vade,ev,Bakır bazlı fungisitleri düzenli olarak uygulayın ve enfekte olmuş yaprakları yok edin.
Cotton leaf_Bacterial blight,kimyasal,uzun vade,bahçe,Bakteriyel yanıklık için koruyucu bir bakır oksiklorür uygulaması yapın ve uygun sulama yöntemleri kullanın.
Cotton leaf_Bacterial blight,kimyasal,uzun vade,sera,Bakteriyel enfeksiyonu kontrol etmek için etkili bir bakır fungisit uygulayın ve bitki yoğunluğunu azaltın.
Cotton leaf_Bacterial blight,kimyasal,kısa vade,ev,Kısa vadede etkili bir bakır-hidroksit bazlı fungisit kullanarak enfeksiyonu baskılayın.
Cotton leaf_Bacterial blight,kimyasal,kısa vade,bahçe,Tarlada hızlı etki için streptomycin gibi bakterisitler kullanarak enfeksiyonu kontrol altına alın.
Cotton leaf_Bacterial blight,kimyasal,kısa vade,sera,Bakteriyel enfeksiyonları kısa vadede baskılamak için uygun bir antibakteriyel sprey uygulayın.
Cotton leaf_Bacterial blight,doğal,uzun vade,ev,Hastalığa dayanıklı pamuk çeşitleri ekin ve iyi hava dolaşımı sağlayın.
Cotton leaf_Bacterial blight,doğal,uzun vade,bahçe,Ekim nöbeti uygulayarak ve bitki kalıntılarını temizleyerek bakteriyel enfeksiyonları önleyin.
Cotton leaf_Bacterial blight,doğal,uzun vade,sera,Doğal biyostimülanlar ve faydalı mikroorganizmalar kullanarak serada hastalığın önlenmesini sağlayın.
Cotton leaf_Bacterial blight,doğal,kısa vade,ev,Hızlı kontrol için sarımsak özütü gibi doğal bakterisitler kullanın ve enfekte yaprakları uzaklaştırın.
Cotton leaf_Bacterial blight,doğal,kısa vade,bahçe,Tarlada bakteri kontrolü için bitki çevresinde organik malçlama yaparak hızlı önlem alın.
Cotton leaf_Bacterial blight,doğal,kısa vade,sera,Bakteriyel enfeksiyonları Neem yağı spreyleri ile baskılayın.
Cotton leaf_Healthy,kimyasal,uzun vade,ev,Sağlıklı pamuk yapraklarını desteklemek için uygun bir yaprak gübresi uygulayın.
Cotton leaf_Healthy,kimyasal,uzun vade,bahçe,Tarlada bitkilerin sağlığını artırmak için dengeli bir gübreleme programı kullanın.
Cotton leaf_Healthy,kimyasal,uzun vade,sera,Serada bitki sağlığını desteklemek için mikro besinler içeren özel gübreler kullanın.
Cotton leaf_Healthy,kimyasal,kısa vade,ev,Bitkilerin anlık besin ihtiyacını karşılamak için hızlı etkili bir sıvı gübre uygulayın.
Cotton leaf_Healthy,kimyasal,kısa vade,bahçe,Pamuk yapraklarının hızlı sağlanması için yaprak gübresi püskürtün.
Cotton leaf_Healthy,kimyasal,kısa vade,sera,Sağlıklı yapraklarınızı desteklemek için hızlı etkili yaprak besinleri uygulayın.
Cotton leaf_Healthy,doğal,uzun vade,ev,Kompost çayı ile düzenli besleme yaparak bitki sağlığını artırın.
Cotton leaf_Healthy,doğal,uzun vade,bahçe,Sağlıklı pamuk yaprakları için organik gübreler kullanın ve toprak sağlığını iyileştirin.
Cotton leaf_Healthy,doğal,uzun vade,sera,Faydalı mikroorganizmalar içeren doğal ürünlerle uzun vadede bitki direncini destekleyin.
Cotton leaf_Healthy,doğal,kısa vade,ev,Neem yağı ve diğer doğal ürünlerle yaprak sağlığını hızlı bir şekilde destekleyin.
Cotton leaf_Healthy,doğal,kısa vade,bahçe,Hızlı etki için deniz yosunu özütü gibi doğal sıvı gübreler kullanın.
Cotton leaf_Healthy,doğal,kısa vade,sera,Yaprakların hızlı sağlığı için faydalı mantar içerikli spreyler uygulayın.
Cotton leaf_Powdery mildew,kimyasal,uzun vade,ev,Hastalığı önlemek için etkili bir sistemik fungisit  örneğin tebuconazole uygulayın.
Cotton leaf_Powdery mildew,kimyasal,uzun vade,bahçe,Uzun vadede etkili olan myclobutanil bazlı bir fungisit kullanın.
Cotton leaf_Powdery mildew,kimyasal,uzun vade,sera,Triadimefon veya benzeri bir fungisit uygulayın.
Cotton leaf_Powdery mildew,kimyasal,kısa vade,ev,Hastalığın hızlı kontrolü için kontakt bir fungisit uygulayın.
Cotton leaf_Powdery mildew,kimyasal,kısa vade,bahçe,Külleme hastalığını kısa vadede baskılamak için chlorothalonil gibi kontakt fungisitler kullanın.
Cotton leaf_Powdery mildew,kimyasal,kısa vade,sera,Kısa vadeli kontrol için etkili bir fungisit sprey uygulayın.
Cotton leaf_Powdery mildew,doğal,uzun vade,ev,Düzenli olarak kompost çayı uygulayın ve külleme etkisini azaltmak için toprak mikroorganizmalarını destekleyin.
Cotton leaf_Powdery mildew,doğal,uzun vade,bahçe,Bahçede etkili çözüm için kükürt bazlı doğal preparatlar kullanın ve hastalıklı yaprakları temizleyerek küllemeyi engelleyin.
Cotton leaf_Powdery mildew,doğal,uzun vade,sera,Serada faydalı mikroorganizmalar içeren biyolojik ürünler kullanarak mevcut külleme enfeksiyonlarını tedavi edin.
Cotton leaf_Powdery mildew,doğal,kısa vade,ev,Külleme görülen yapraklara karbonatlı su (1 çay kaşığı karbonat  ve 1 litre su) püskürterek hızlı bir şekilde çözüm sağlayın.
Cotton leaf_Powdery mildew,doğal,kısa vade,bahçe,Küllemeyi hızla kontrol etmek için sütlü su (1 ölçü süt ve  9 ölçü su) uygulayın ve hastalıklı yaprakları budayın.
Cotton leaf_Powdery mildew,doğal,kısa vade,sera,Serada külleme görülen alanlara neem yağı sprey uygulaması yaparak enfeksiyonu durdurun.
Cotton leaf_Target spot,kimyasal,uzun vade,ev,Uzun vadede etkili olan azoxystrobin veya pyraclostrobin bazlı bir fungisit uygulayın.
Cotton leaf_Target spot,kimyasal,uzun vade,bahçe,Hedef leke hastalığını önlemek için mancozeb veya diğer koruyucu fungisitleri kullanın.
Cotton leaf_Target spot,kimyasal,uzun vade,sera,Hastalığı kontrol altına almak için sistemik bir fungisit programı uygulayın.
Cotton leaf_Target spot,kimyasal,kısa vade,ev,Hastalığın hızlı kontrolü için kontakt fungisitler  örneğin chlorothalonil  uygulayın.
Cotton leaf_Target spot,kimyasal,kısa vade,bahçe,Uygun bir sistemik fungisit sprey uygulayın.
Cotton leaf_Target spot,kimyasal,kısa vade,sera,Leke belirtilerini baskılamak için hızlı etkili bir fungisit uygulayın.
Cotton leaf_Target spot,doğal,uzun vade,ev,Hedef lekeyi önlemek için düzenli olarak malçlama yapın.
Cotton leaf_Target spot,doğal,uzun vade,bahçe,Ekim nöbeti uygulayın ve tarladaki bitki kalıntılarını temizleyin.
Cotton leaf_Target spot,doğal,uzun vade,sera,Faydalı mikroorganizmalar ve organik gübreler ile tedavi sağlayın.
Cotton leaf_Target spot,doğal,kısa vade,ev,Hedef lekeyi kısa vadede kontrol etmek için neem yağı bazlı spreyler uygulayın.
Cotton leaf_Target spot,doğal,kısa vade,bahçe,Hastalığı hızlıca kontrol etmek için biyolojik ürünler veya kompost çayı uygulayın.
Cotton leaf_Target spot,doğal,kısa vade,sera,Hastalığı baskılamak için sütlü su spreyi veya karbonat çözeltisi kullanın.
Grape leaf_Black measles,kimyasal,uzun vade,ev,Sürgünler 25 ila 30 cm olduğunda fungisit kullanın. Hastalık belirtileri görülmeden önlem alın.
Grape leaf_Black measles,kimyasal,uzun vade,bahçe,Kimyasal mücadele için ilkbaharda kış ilaçlaması yapın. Ardından yaz ilaçlamalarına devam edin.
Grape leaf_Black measles,kimyasal,uzun vade,sera,Serada hava sirkülasyonu sağlayarak nem kontrolü yapın ve uygun fungisit uygulayın.
Grape leaf_Black measles,kimyasal,kısa vade,ev,Hastalık görülürse hemen etiketine uygun dozda sistemik fungisit püskürtün.
Grape leaf_Black measles,kimyasal,kısa vade,bahçe,Mildiyö ilaçlaması ile birlikte kara leke için uygun fungisit kullanın.
Grape leaf_Black measles,kimyasal,kısa vade,sera,Sürgünlerde ilk belirtilerde koruyucu fungisitlerle müdahale edin.
Grape leaf_Black measles,doğal,uzun vade,ev,Hastalık riskini azaltmak için organik kompost uygulaması ve düzenli budama yapın.
Grape leaf_Black measles,doğal,uzun vade,bahçe,Hastalık direncini artırmak için biyolojik kontrol ajanlarını kullanın ve sağlıklı zemin koşulları sağlayın.
Grape leaf_Black measles,doğal,uzun vade,sera,Serada bitki artıkları temizleyin ve biyolojik mantar kontrol ürünlerini kullanın.
Grape leaf_Black measles,doğal,kısa vade,ev,Neem yağı püskürtün. Yaprak yüzeylerini karbonatlı su ile temizleyin.
Grape leaf_Black measles,doğal,kısa vade,bahçe,Doğal spreyler hazırlayarak hastalıklı yaprakları tedavi edin ve ortamı havalandırın.
Grape leaf_Black measles,doğal,kısa vade,sera,Bitki koruma amaçlı doğal mantar önleyicilerle hızlı müdahalede bulunun.
Grape leaf_Black rot,kimyasal,uzun vade,ev,Düzenli olarak sistemik fungisit uygulayarak mantar oluşumunu engelleyin.
Grape leaf_Black rot,kimyasal,uzun vade,bahçe,Kış ilaçlaması yapın ve sürgün büyüme döneminde uygun fungisitlerle devam edin.
Grape leaf_Black rot,kimyasal,uzun vade,sera,Serada nem kontrolü sağlayarak kimyasal mücadele programı uygulayın.
Grape leaf_Black rot,kimyasal,kısa vade,ev,Bitkiye hızlıca bakır bazlı fungisit uygulayın.
Grape leaf_Black rot,kimyasal,kısa vade,bahçe,Hastalık başında koruyucu ve tedavi edici fungisitlerle müdahale edin.
Grape leaf_Black rot,kimyasal,kısa vade,sera,Serada yüksek nemden kaçınarak uygun kimyasallarla mücadele edin.
Grape leaf_Black rot,doğal,uzun vade,ev,Düzenli olarak organik maddelerle toprağı destekleyin ve budamaya dikkat edin.
Grape leaf_Black rot,doğal,uzun vade,bahçe,Ekim nöbeti uygulayın ve organik toprak düzenleyicilerle bitkiyi güçlendirin.
Grape leaf_Black rot,doğal,uzun vade,sera,Serada doğal kontrol ürünlerini kullanarak hastalığı önleyin ve temizleme yapın.
Grape leaf_Black rot,doğal,kısa vade,ev,Hastalıklı yaprakları neem yağıyla tedavi edin ve temiz suyla durulayın.
Grape leaf_Black rot,doğal,kısa vade,bahçe,Doğal mantar önleyici spreyler hazırlayarak yapraklara uygulayın.
Grape leaf_Black rot,doğal,kısa vade,sera,Serada biyolojik ürünlerle hızlı bir tedavi sağlayın ve havalandırmayı artırın.
Grape leaf_Blight,kimyasal,uzun vade,ev,Hastalığı önlemek için sürgün büyüme döneminde düzenli fungisit uygulayın.
Grape leaf_Blight,kimyasal,uzun vade,bahçe,Bağlarda yaz ilaçlaması yaparak mantar etkisini önleyin.
Grape leaf_Blight,kimyasal,uzun vade,sera,Serada etkin koruma için periyodik kimyasal ilaçlama yapın.
Grape leaf_Blight,kimyasal,kısa vade,ev,Hastalığın ilk belirtilerinde hemen uygun dozda fungisit kullanın.
Grape leaf_Blight,kimyasal,kısa vade,bahçe,Bağ mildiyösü ile eş zamanlı fungisit tedavisi uygulayın.
Grape leaf_Blight,kimyasal,kısa vade,sera,Serada mantarı hızla kontrol etmek için etiketli kimyasalları püskürtün.
Grape leaf_Blight,doğal,uzun vade,ev,Hastalık riskini azaltmak için düzenli toprak bakımını ve kompost kullanımını sürdürün.
Grape leaf_Blight,doğal,uzun vade,bahçe,Bağ alanında biyolojik kontrol yöntemlerini uygulayarak direnç artırın.
Grape leaf_Blight,doğal,uzun vade,sera,Serada doğal yöntemlerle bağın sağlığını koruyun ve temiz hava sirkülasyonu sağlayın.
Grape leaf_Blight,doğal,kısa vade,ev,Neem yağı ve sarımsak suyu karışımını yapraklara püskürtün.
Grape leaf_Blight,doğal,kısa vade,bahçe,Külleme için hazırlanan doğal çözeltileri doğrudan uygulayın.
Grape leaf_Blight,doğal,kısa vade,sera,Hızlı etki için serada biyolojik kontrol ürünleri kullanın ve temizleme yapın.
Grape leaf_Healthy,kimyasal,uzun vade,ev,Hastalık riskine karşı önleyici fungisitler kullanarak yaprak sağlığını koruyun.
Grape leaf_Healthy,kimyasal,uzun vade,bahçe,Yaprakları korumak için önerilen gübreleme programını ve önleyici ilaçlamayı uygulayın.
Grape leaf_Healthy,kimyasal,uzun vade,sera,Serada düzenli ilaçlama ve nem kontrolü yaparak sağlıklı yaprakların devamını sağlayın.
Grape leaf_Healthy,kimyasal,kısa vade,ev,Kısa vadede hastalık riskini azaltmak için düşük dozda koruyucu ilaçlar uygulayın.
Grape leaf_Healthy,kimyasal,kısa vade,bahçe,Bağ alanını düzenli olarak kontrol edin ve uygun gübreleme yapın.
Grape leaf_Healthy,kimyasal,kısa vade,sera,Serada yaprak sağlığını korumak için koruyucu kimyasallar kullanın.
Grape leaf_Healthy,doğal,uzun vade,ev,Organik maddelerle toprağı destekleyin ve bitkiyi doğal olarak besleyin.
Grape leaf_Healthy,doğal,uzun vade,bahçe,Doğal gübreleme yöntemlerini kullanarak bağ alanındaki sağlık koşullarını güçlendirin.
Grape leaf_Healthy,doğal,uzun vade,sera,Biyolojik gübreleme ve faydalı mikroorganizmalarla seradaki bitki sağlığını artırın.
Grape leaf_Healthy,doğal,kısa vade,ev,Neem yağı ve bitki çaylarıyla doğal bakım yapın.
Grape leaf_Healthy,doğal,kısa vade,bahçe,Bağda yaprakların düzenli beslenmesi için organik sıvı gübreler kullanın.
Grape leaf_Healthy,doğal,kısa vade,sera,Serada doğal maddelerle yapılan spreylerle yaprak sağlığını destekleyin.
Peach leaf_Bacterial spot,kimyasal,uzun vade,ev,Ev ortamında bakteriyel lekeleri kontrol etmek için bakır içerikli sistemik fungisitler düzenli olarak uygulanabilir. Bitki çevresinde hijyeni koruyarak hastalık riskini azaltabilirsiniz.
Peach leaf_Bacterial spot,kimyasal,uzun vade,bahçe,Bahçede bakteriyel lekeler için bakır bazlı koruyucu spreyleri mevsim geçişlerinde uygulayın. Bitkiyi düzenli budama ve toprak temizliğiyle destekleyin.
Peach leaf_Bacterial spot,kimyasal,uzun vade,sera,Sera ortamında bakteriyel enfeksiyonları önlemek için kontrollü olarak bakır içerikli ilaçlar kullanın. Sera nem dengesini sağlamak için havalandırma sistemini optimize edin.
Peach leaf_Bacterial spot,kimyasal,kısa vade,ev,Kısa vadede hızlı sonuç için yapraklara bakır oksiklorür veya uygun sistemik bir fungisit sprey uygulayın.
Peach leaf_Bacterial spot,kimyasal,kısa vade,bahçe,Bahçede bakteriyel lekeleri hızla kontrol etmek için etkili bir bakır fungisit uygulayın. Enfekte yaprakları temizlemeyi ihmal etmeyin.
Peach leaf_Bacterial spot,kimyasal,kısa vade,sera,Serada hızlı bir önlem olarak yapraklara bakır içeren bir sprey uygulayın ve enfeksiyon riskini azaltmak için sera içindeki nemi kontrol altında tutun.
Peach leaf_Bacterial spot,doğal,uzun vade,ev,Doğal yöntemlerle bakteriyel lekeleri kontrol etmek için neem yağı veya kompost çayı kullanabilirsiniz. Toprağın organik madde içeriğini artırarak bitki sağlığını destekleyin.
Peach leaf_Bacterial spot,doğal,uzun vade,bahçe,Bahçede bakteriyel lekelerle mücadelede sarımsak ve soğan özütü gibi doğal çözümler uygulayın. Faydalı mikroorganizmaları desteklemek için organik gübreler ekleyin.
Peach leaf_Bacterial spot,doğal,uzun vade,sera,Biyostimülanlar  özellikle alg bazlı ürünler sera ortamında kullanılarak doğal büyümeyi destekleyebilir. Düzenli olarak doğal mikrobiyal spreyler uygulayın.
Peach leaf_Bacterial spot,doğal,kısa vade,ev,Sirke veya biyoaktif probiyotikler içeren doğal karışımlarla yapraklara sprey yaparak kısa sürede etki sağlayabilirsiniz.
Peach leaf_Bacterial spot,doğal,kısa vade,bahçe,Bahçede hızlı etki için sarımsak yağı veya çay ağacı yağı gibi doğal antibakteriyel spreyler uygulayın.
Peach leaf_Bacterial spot,doğal,kısa vade,sera,Serada doğal kontrol için bakteriyel enfekte yapraklara bitkisel çay karışımları uygulayın ve ortam nemini azaltmak için havalandırmayı artırın.
Peach leaf_Healthy,kimyasal,uzun vade,ev,Sağlıklı yaprakların korunması için düşük dozda koruyucu bir fungisit düzenli olarak uygulanabilir. Bitkinin ihtiyaç duyduğu besin maddelerini sağlamak için yaprak gübreleri ekleyin.
Peach leaf_Healthy,kimyasal,uzun vade,bahçe,Bahçede sağlıklı yaprakları desteklemek için koruyucu kimyasal spreyler ve dengeli gübreleme yaparak bitkinin bağışıklığını artırabilirsiniz.
Peach leaf_Healthy,kimyasal,uzun vade,sera,Serada sağlıklı yapraklar için düşük dozlu koruyucu ilaçlar uygulanabilir. Bitkiyi güçlendirmek için sera ortamında yaprak gübreleri kullanın.
Peach leaf_Healthy,kimyasal,kısa vade,ev,Sağlıklı yaprakları hızlıca desteklemek için sıvı mikro besin gübreleri veya düşük dozda sistemik fungisit sprey uygulayın.
Peach leaf_Healthy,kimyasal,kısa vade,bahçe,Bahçede kısa vadede sağlıklı yaprakları desteklemek için uygun bir yaprak gübresi veya koruyucu sprey uygulayın.
Peach leaf_Healthy,kimyasal,kısa vade,sera,Serada yaprak sağlığını korumak için kısa süreli etkili koruyucu kimyasal çözümleri düzenli olarak uygulayın.
Peach leaf_Healthy,doğal,uzun vade,ev,Organik kompost çayıyla düzenli yaprak beslemesi yaparak sağlıklı yaprakları destekleyebilirsiniz.
Peach leaf_Healthy,doğal,uzun vade,bahçe,Sağlıklı yaprakları teşvik etmek için organik sıvı gübreler kullanabilir ve bitki çevresini malçla destekleyebilirsiniz.
Peach leaf_Healthy,doğal,uzun vade,sera,Serada faydalı mikroorganizmalar içeren organik ürünler uygulayarak yaprak sağlığını artırabilirsiniz.
Peach leaf_Healthy,doğal,kısa vade,ev,Neem yağı veya hafifçe seyretilmiş sirke çözeltisiyle yaprakları düzenli olarak spreyleyerek destekleyebilirsiniz.
Peach leaf_Healthy,doğal,kısa vade,bahçe,Bahçede yaprakların genel sağlığını desteklemek için hızlı etkili deniz yosunu özütü uygulayın.
Peach leaf_Healthy,doğal,kısa vade,sera,Serada sağlıklı yaprakları korumak için doğal biyostimülanlar ve hava sirkülasyonunu artıran çözümler uygulayın.
Potato leaf_Early blight,kimyasal,uzun vade,ev,Etkili bir sistemik fungisit kullanarak erken yanıklık kontrol altına alınabilir. Uygulamayı büyüme mevsimi boyunca tekrarlayın.
Potato leaf_Early blight,kimyasal,uzun vade,bahçe,Erken yanıklığı kontrol etmek için klorotalonil veya mankozeb içeren koruyucu fungisitler kullanabilirsiniz. Düzenli yaprak spreylemesi önerilir.
Potato leaf_Early blight,kimyasal,uzun vade,sera,Serada erken yanıklığı önlemek için direnç yönetimi stratejisiyle birlikte propikonazol gibi bir fungisit kullanın.
Potato leaf_Early blight,kimyasal,kısa vade,ev,Hızlı müdahale için bakır bazlı bir fungisit kullanarak enfekte yaprakları kontrol edin. İyileşme için sık sık gözlem yapın.
Potato leaf_Early blight,kimyasal,kısa vade,bahçe,Mancozeb bazlı bir fungisiti hızla uygulayarak erken yanıklığı durdurun. Enfekte yaprakları temizlemeyi unutmayın.
Potato leaf_Early blight,kimyasal,kısa vade,sera,Serada enfeksiyonu hızlıca kontrol etmek için azoxystrobin bazlı bir fungisit püskürtün.
Potato leaf_Early blight,doğal,uzun vade,ev,Neem yağı veya organik mantar önleyici spreyler düzenli kullanılarak erken yanıklık önlenebilir.
Potato leaf_Early blight,doğal,uzun vade,bahçe,Organik yöntemlerle erken yanıklık kontrolü için kompost çayı sprey olarak uygulanabilir.
Potato leaf_Early blight,doğal,uzun vade,sera,Serada erken yanıklık yönetimi için biyostimülanlar veya faydalı mikroorganizmalar içeren doğal ürünler kullanılabilir.
Potato leaf_Early blight,doğal,kısa vade,ev,Sarımsak suyu veya sütlü su karışımını enfekte yapraklara püskürterek erken yanıklık kontrol altına alınabilir.
Potato leaf_Early blight,doğal,kısa vade,bahçe,Hızlı önlem için sirke suyu veya karbonat çözeltisi püskürterek doğal bir çözüm elde edebilirsiniz.
Potato leaf_Early blight,doğal,kısa vade,sera,Neem yağı bazlı hızlı doğal çözümler seradaki erken yanıklık enfeksiyonlarını azaltabilir.
Potato leaf_Healthy,kimyasal,uzun vade,ev,Bitki sağlığını korumak için koruyucu bir fungisit programı başlatabilirsiniz.
Potato leaf_Healthy,kimyasal,uzun vade,bahçe,Kalsiyum ve magnezyum gibi mikro elementleri içeren yaprak gübreleri kullanarak dayanıklılığını artırabilirsiniz.
Potato leaf_Healthy,kimyasal,uzun vade,sera,Serada sağlığını korumak için bakır bazlı bir koruyucu fungisit uygulanabilir.
Potato leaf_Healthy,kimyasal,kısa vade,ev,Bitkiyi desteklemek için hızlı bir yaprak gübresi uygulaması yapabilirsiniz.
Potato leaf_Healthy,kimyasal,kısa vade,bahçe,Sağlıklı büyümeyi teşvik etmek için azot içeren bir yaprak gübresi hızlıca uygulanabilir.
Potato leaf_Healthy,kimyasal,kısa vade,sera,Serada sağlıklı yapraklar için koruyucu bir sistemik fungisit kullanılabilir.
Potato leaf_Healthy,doğal,uzun vade,ev,Büyümeyi desteklemek için düzenli olarak kompost çayı veya deniz yosunu özütü uygulayın.
Potato leaf_Healthy,doğal,uzun vade,bahçe,Sağlıklı yaprak büyümesini teşvik etmek için organik malç kullanarak toprağı zenginleştirin.
Potato leaf_Healthy,doğal,uzun vade,sera,Biyostimülanlar özellikle alg bazlı ürünler sera ortamında kullanılarak doğal büyümeyi destekleyin.
Potato leaf_Healthy,doğal,kısa vade,ev,Neem yağı veya sarımsak spreyi gibi organik çözümlerle düzenli yaprak bakımı yapın.
Potato leaf_Healthy,doğal,kısa vade,bahçe,Hızlı bitki desteği için karbonat çözeltisi veya sütlü su spreyleri kullanabilirsiniz.
Potato leaf_Healthy,doğal,kısa vade,sera,Serada hava sirkülasyonunu artırarak ve biyostimülanları yapraklara püskürterek bitki performansını iyileştirin.
Potato leaf_Late blight,kimyasal,uzun vade,ev,Geç yanıklık kontrolü için koruyucu olarak mankozeb veya fluopikolid içeren fungisitler kullanabilirsiniz.
Potato leaf_Late blight,kimyasal,uzun vade,bahçe,Geç yanıklığı önlemek için düzenli olarak metalaksil içeren bir sistemik fungisit uygulayın.
Potato leaf_Late blight,kimyasal,uzun vade,sera,Serada direnç yönetimi sağlamak için farklı kimyasal gruplardan fungisitleri rotasyonlu olarak kullanın.
Potato leaf_Late blight,kimyasal,kısa vade,ev,Geç yanıklığı hızla kontrol altına almak için propineb içeren bir fungisit uygulayın.
Potato leaf_Late blight,kimyasal,kısa vade,bahçe,Hızlı çözüm için bakır oksiklorid içeren fungisitleri yapraklara püskürtün.
Potato leaf_Late blight,kimyasal,kısa vade,sera,Serada enfekte yapraklara acil müdahale için azoxystrobin bazlı fungisit uygulayın.
Potato leaf_Late blight,doğal,uzun vade,ev,Neem yağı veya doğal mantar önleyici ürünlerle geç yanıklığı uzun vadeli yönetebilirsiniz.
Potato leaf_Late blight,doğal,uzun vade,bahçe,Kompost çayı veya sarımsak spreyi kullanarak geç yanıklık riskini azaltın.
Potato leaf_Late blight,doğal,uzun vade,sera,Faydalı mikroorganizmalar içeren biyolojik kontrol ürünleri serada geç yanıklığı yönetmek için kullanılabilir.
Potato leaf_Late blight,doğal,kısa vade,ev,Sütlü su (1:9 oranında) püskürterek geç yanıklık semptomlarını azaltabilirsiniz.
Potato leaf_Late blight,doğal,kısa vade,bahçe,Sirke ve karbonat çözeltisi ile yaprak spreylemesi yaparak geç yanıklığı hızlıca kontrol edebilirsiniz.
Potato leaf_Late blight,doğal,kısa vade,sera,Neem yağı ve biyostimülanlar serada geç yanıklık semptomlarını hafifletmek için hızlı bir çözüm sunar.
Rice leaf_Bacterial blight,kimyasal,uzun vade,ev,Hastalık belirtileri fark edildiğinde etkili bir bakterisit uygulayın. Sulama düzeninizi kontrol ederek suyun yapraklarla uzun süre temas etmesini önleyin.
Rice leaf_Bacterial blight,kimyasal,uzun vade,bahçe,Bakteri yayılımını engellemek için doğru dozda sistemik bakterisit kullanın. Ayrıca tarlada drenajı artırarak su birikmesini önleyin.
Rice leaf_Bacterial blight,kimyasal,uzun vade,sera,Serada etkili bir bakterisit püskürterek hastalık baskısını azaltın. Hava akışını düzenleyin ve yoğun nemden kaçının.
Rice leaf_Bacterial blight,kimyasal,kısa vade,ev,Belirgin enfeksiyon alanlarına hızlı bir şekilde bakterisit uygulayın. Etkilenen yaprakları keserek temizleyin.
Rice leaf_Bacterial blight,kimyasal,kısa vade,bahçe,Hastalığı hızla kontrol altına almak için yapraklara uygun bir bakterisit püskürtün. Enfekte bitki parçalarını tarladan uzaklaştırın.
Rice leaf_Bacterial blight,kimyasal,kısa vade,sera,Serada hızlı etki için bakır bazlı bir bakterisit kullanın. Yaprak yüzeylerinin kuru kalmasını sağlayın.
Rice leaf_Bacterial blight,doğal,uzun vade,ev,Neem yağı ve sarımsak suyu gibi doğal çözümleri düzenli olarak kullanarak yaprakları koruyun.
Rice leaf_Bacterial blight,doğal,uzun vade,bahçe,Kompost çayı ve organik gübre uygulayarak bitki bağışıklığını artırın. Drenajı iyileştirerek bakteriyel baskıyı azaltın.
Rice leaf_Bacterial blight,doğal,uzun vade,sera,Serada faydalı mikroorganizmalar içeren doğal spreyler uygulayarak bitkileri güçlendirin.
Rice leaf_Bacterial blight,doğal,kısa vade,ev,Neem yağı veya karbonatlı su ile hızlı müdahale edin. Etkilenen yaprakları derhal çıkarın.
Rice leaf_Bacterial blight,doğal,kısa vade,bahçe,Yapraklara doğal bir sarımsak suyu veya sütlü su spreyi uygulayarak bakteriyel enfeksiyonları azaltın.
Rice leaf_Bacterial blight,doğal,kısa vade,sera,Serada organik fungisitler veya neem yağı kullanarak hızlı müdahalede bulunun.
Rice leaf_Blast,kimyasal,uzun vade,ev,Kök çürüklüğünü engellemek için uygun bir fungisit programı uygulayın. Sulama düzenini dikkatle yönetin.
Rice leaf_Blast,kimyasal,uzun vade,bahçe,Fungal enfeksiyonu önlemek için yapraklara sistemik bir fungisit uygulayın. Uygun drenaj sağlayarak su birikmesini önleyin.
Rice leaf_Blast,kimyasal,uzun vade,sera,Serada etkili bir mantar ilacı kullanarak yaprakları koruyun. Bitki kalıntılarını temiz tutun.
Rice leaf_Blast,kimyasal,kısa vade,ev,Hastalığı hızlıca kontrol altına almak için yapraklara bakır bazlı bir fungisit uygulayın.
Rice leaf_Blast,kimyasal,kısa vade,bahçe,Yapraklardaki enfeksiyonları azaltmak için hızlı bir şekilde sistemik fungisit püskürtün. Etkilenen alanları temizleyin.
Rice leaf_Blast,kimyasal,kısa vade,sera,Serada enfekte yapraklara uygun bir fungisit uygulayın. Etkilenen bitkileri izole edin.
Rice leaf_Blast,doğal,uzun vade,ev,Neem yağı ve kompost çayı uygulayarak fungal enfeksiyonlara karşı bitkileri koruyun.
Rice leaf_Blast,doğal,uzun vade,bahçe,Bitkilerin bağışıklığını artırmak için biyostimülanlar ve organik gübreler uygulayın. Malç kullanarak toprak nemini kontrol edin.
Rice leaf_Blast,doğal,uzun vade,sera,Faydalı mikroorganizmalar içeren biyolojik ürünlerle serada uzun vadeli koruma sağlayın.
Rice leaf_Blast,doğal,kısa vade,ev,Sütlü su veya karbonatlı su gibi doğal çözeltilerle yaprakları hızlıca tedavi edin.
Rice leaf_Blast,doğal,kısa vade,bahçe,Neem yağı veya sarımsak suyu karışımını enfekte alanlara püskürterek doğal bir koruma sağlayın.
Rice leaf_Blast,doğal,kısa vade,sera,Serada organik fungisitlerle hastalığı hızlıca kontrol altına alın.
Rice leaf_Healthy,kimyasal,uzun vade,ev,Sağlıklı yaprakları korumak için düzenli olarak önleyici fungisit kullanın ve uygun sulama yapın.
Rice leaf_Healthy,kimyasal,uzun vade,bahçe,Bitki sağlığını korumak için gübreleme programınızı dengeleyin ve uzun etkili bir fungisit uygulayın.
Rice leaf_Healthy,kimyasal,uzun vade,sera,Serada yaprak sağlığını artırmak için önleyici kimyasal spreyler uygulayın ve nem kontrolü sağlayın.
Rice leaf_Healthy,kimyasal,kısa vade,ev,Hızlı müdahale için koruyucu bir fungisit uygulayın ve bitkileri düzenli kontrol edin.
Rice leaf_Healthy,kimyasal,kısa vade,bahçe,Bahçede hızlı koruma için yapraklara fungisit püskürtün ve enfekte alanları izole edin.
Rice leaf_Healthy,kimyasal,kısa vade,sera,Serada hızlı önlem almak için sistemik bir fungisit kullanın ve hava akışını optimize edin.
Rice leaf_Healthy,doğal,uzun vade,ev,Sağlıklı yaprakları desteklemek için neem yağı ve organik çözeltiler kullanın.
Rice leaf_Healthy,doğal,uzun vade,bahçe,Toprak sağlığını artıracak kompost ve doğal gübreler kullanarak bitki bağışıklığını güçlendirin.
Rice leaf_Healthy,doğal,uzun vade,sera,Serada yaprak sağlığını desteklemek için biyostimülanlar ve faydalı mikroorganizmalar içeren ürünler uygulayın.
Rice leaf_Healthy,doğal,kısa vade,ev,Hızlı bir şekilde sütlü su veya neem yağı uygulayarak yaprakları besleyin.
Rice leaf_Healthy,doğal,kısa vade,bahçe,Doğal yollarla sağlıklı yaprakları korumak için kompost çayı veya sarımsak suyu sprey uygulayın.
Rice leaf_Healthy,doğal,kısa vade,sera,Serada yaprakları desteklemek için karbonatlı su veya organik yaprak besleyiciler uygulayın.
Strawberry leaf_Healthy,kimyasal,uzun vade,ev,Sağlıklı yapraklar için önerilen azotlu gübreyi mevsimine göre doğru miktarda uygulayın.
Strawberry leaf_Healthy,kimyasal,uzun vade,bahçe,Bahçede verimi artırmak için gübreleme analizine dayalı dengeli bir gübreleme programı uygulayın.
Strawberry leaf_Healthy,kimyasal,uzun vade,sera,Serada yaprak sağlığını korumak için uygun pestisitleri düzenli aralıklarla kullanın ve sulama rejimini dengeleyin.
Strawberry leaf_Healthy,kimyasal,kısa vade,ev,Hastalık oluşumunu önlemek için uygun bir fungal koruyucu ilaç kullanın.
Strawberry leaf_Healthy,kimyasal,kısa vade,bahçe,Hızlı koruma sağlamak için çevredeki yabancı otları temizleyin ve uygun mantar ilacı uygulayın.
Strawberry leaf_Healthy,kimyasal,kısa vade,sera,Fungisit püskürtmeleriyle yaprak sağlığını hemen destekleyin.
Strawberry leaf_Healthy,doğal,uzun vade,ev,Organik kompostla toprak yapısını iyileştirerek yaprak gelişimini destekleyin.
Strawberry leaf_Healthy,doğal,uzun vade,bahçe,Malçlama yaparak toprak nemini koruyun ve besin takviyesi için bitkisel çaylar kullanın.
Strawberry leaf_Healthy,doğal,uzun vade,sera,Serada biyostimülanlar kullanarak yaprak sağlığını uzun vadede artırın.
Strawberry leaf_Healthy,doğal,kısa vade,ev,Neem yağı veya karbonatlı su ile yapraklara doğal bir koruma sağlayın.
Strawberry leaf_Healthy,doğal,kısa vade,bahçe,Sarımsak püresi ve su karışımı ile yaprakları püskürtün.
Strawberry leaf_Healthy,doğal,kısa vade,sera,Serada bitkilerin çevresini temiz tutarak sirke-su karışımı ile yaprakları koruyun.
Strawberry leaf_Scorch,kimyasal,uzun vade,ev,Hastalıklı bitkinin gübreleme planını dengeleyin..
Strawberry leaf_Scorch,kimyasal,uzun vade,bahçe,Hastalığa karşı dayanıklı çeşitler ekin ve sık dikimden kaçının.
Strawberry leaf_Scorch,kimyasal,uzun vade,sera,Serada nem seviyesini kontrol ederek sistemik bir fungisit uygulayın.
Strawberry leaf_Scorch,kimyasal,kısa vade,ev,Bakır bazlı bir fungal ilaç kullanarak yanıklığı hızla kontrol edin.
Strawberry leaf_Scorch,kimyasal,kısa vade,bahçe,Etkili bir fungisit ile çilek yapraklarını düzenli olarak koruyun.
Strawberry leaf_Scorch,kimyasal,kısa vade,sera,Yanıklık lekelerini önlemek için serada bakır bazlı bir ilaç uygulayın.
Strawberry leaf_Scorch,doğal,uzun vade,ev,Toprağı organik malçla kaplayarak bitki sağlığını iyileştirin.
Strawberry leaf_Scorch,doğal,uzun vade,bahçe,Kompost kullanarak toprağın mineral yapısını zenginleştirin.
Strawberry leaf_Scorch,doğal,uzun vade,sera,Faydalı mikroorganizmalar içeren biyolojik ürünlerle serada yaprakları güçlendirin.
Strawberry leaf_Scorch,doğal,kısa vade,ev,Sütlü su karışımı yaparak yanıklık lekelerinin yayılmasını önleyin.
Strawberry leaf_Scorch,doğal,kısa vade,bahçe,Neem yağı püskürtmesi ile çilek yapraklarındaki yanıkları doğal olarak tedavi edin.
Strawberry leaf_Scorch,doğal,kısa vade,sera,Sirke-su karışımını kullanarak ilgili yapraklara doğal bakım yapın.
Strawberry leaf_Spot,kimyasal,uzun vade,ev,Yaprak lekeleriyle mücadele için doğru fungisitlerle düzenli bir plan oluşturun.
Strawberry leaf_Spot,kimyasal,uzun vade,bahçe,Yaprak leke hastalığını önlemek için dayanıklı çeşitler ekin ve uygun fungisit kullanın.
Strawberry leaf_Spot,kimyasal,uzun vade,sera,Serada düzenli ilaçlama programı ile yaprak lekelerini önleyin.
Strawberry leaf_Spot,kimyasal,kısa vade,ev,Uygun bir fungal ilacı bitkinin hastalıklı yapraklarına püskürtün.
Strawberry leaf_Spot,kimyasal,kısa vade,bahçe,Hızlı etki için mısır yaprak lekesi tedavisine uygun bir ilaç seçin.
Strawberry leaf_Spot,kimyasal,kısa vade,sera,Uygun dozda fungisiti bitkinin hastalıklı yapraklarına uygulayın.
Strawberry leaf_Spot,doğal,uzun vade,ev,Organik malçlama ile toprak nemini artırarak yaprak sağlığını destekleyin.
Strawberry leaf_Spot,doğal,uzun vade,bahçe,Toprağın besleyici özelliklerini artırmak için organik kompost kullanın.
Strawberry leaf_Spot,doğal,uzun vade,sera,Serada biyolojik kontrollerle yaprak lekesi riskini azaltın.
Strawberry leaf_Spot,doğal,kısa vade,ev,Neem yağı püskürterek yapraklardaki lekeleri hafifletin.
Strawberry leaf_Spot,doğal,kısa vade,bahçe,Sarımsak püresi ve su karışımı kullanarak yapraklardaki lekeleri tedavi edin.
Strawberry leaf_Spot,doğal,kısa vade,sera,Sirke-su karışımı ile bitkinin yapraklarını hızlıca tedavi edin.
Sugercane leaf_Healthy,kimyasal,uzun vade,ev,Sağlıklı yaprakları korumak için düzenli olarak önleyici fungisit uygulayın ve bitki besin dengesini sağlayın.
Sugercane leaf_Healthy,kimyasal,uzun vade,bahçe,Uzun süreli koruma için uygun dozda sistemik fungisit kullanın ve sulama düzenini optimize edin.
Sugercane leaf_Healthy,kimyasal,uzun vade,sera,Serada bitki sağlığını sürdürmek için periyodik olarak koruyucu fungisit uygulayın ve nem kontrolü yapın.
Sugercane leaf_Healthy,kimyasal,kısa vade,ev,Hızlı bir koruma için yapraklara kontakt fungisit püskürtün ve bitkiyi stresten koruyun.
Sugercane leaf_Healthy,kimyasal,kısa vade,bahçe,Ani hastalık risklerine karşı hızlı etkili bir fungisit uygulayın ve enfekte olmuş bitki artıkları varsa temizleyin.
Sugercane leaf_Healthy,kimyasal,kısa vade,sera,Serada oluşabilecek ani enfeksiyonlara karşı kontakt fungisit kullanarak bitkileri koruyun.
Sugercane leaf_Healthy,doğal,uzun vade,ev,Bitki direncini artırmak için düzenli olarak kompost çayı veya deniz yosunu özütü uygulayın.
Sugercane leaf_Healthy,doğal,uzun vade,bahçe,Toprak sağlığını iyileştirmek için organik malç ve kompost kullanarak bitkilerin bağışıklığını güçlendirin.
Sugercane leaf_Healthy,doğal,uzun vade,sera,Serada biyolojik kontrol ajanları ve organik gübreler kullanarak bitki sağlığını destekleyin.
Sugercane leaf_Healthy,doğal,kısa vade,ev,Yaprakları neem yağı veya sarımsak suyu ile sprey ederek doğal bir koruma sağlayın.
Sugercane leaf_Healthy,doğal,kısa vade,bahçe,Hızlı bir doğal koruma için süt ve su karışımıyla yaprakları püskürtün.
Sugercane leaf_Healthy,doğal,kısa vade,sera,Serada karbonatlı su veya bitkisel yağ bazlı spreylerle yaprakları koruyun.
Sugercane leaf_Mosaic,kimyasal,uzun vade,ev,Mozaik virüsüne karşı dayanıklı çeşitler ekin ve vektör böcekleri kontrol etmek için insektisit kullanın.
Sugercane leaf_Mosaic,kimyasal,uzun vade,bahçe,Hastalığa dirençli şeker kamışı çeşitleri seçin ve yaprak bitleri gibi vektörleri kontrol etmek için uygun insektisitler uygulayın.
Sugercane leaf_Mosaic,kimyasal,uzun vade,sera,Serada vektör böceklerin girişini engellemek için insektisit uygulayın ve bitki sağlığını izleyin.
Sugercane leaf_Mosaic,kimyasal,kısa vade,ev,Enfekte olmuş yaprakları hemen çıkarın ve vektör böcekleri kontrol etmek için hızlı etkili bir insektisit kullanın.
Sugercane leaf_Mosaic,kimyasal,kısa vade,bahçe,Hastalığın yayılmasını önlemek için enfekte bitkileri yok edin ve vektörleri hedef alan insektisitler uygulayın.
Sugercane leaf_Mosaic,kimyasal,kısa vade,sera,Serada enfekte bitkileri izole edin ve vektör böcekleri kontrol etmek için insektisit püskürtün.
Sugercane leaf_Mosaic,doğal,uzun vade,ev,Dayanıklı bitki çeşitleri seçin ve vektör böcekleri caydırmak için sarı yapışkan tuzaklar kullanın.
Sugercane leaf_Mosaic,doğal,uzun vade,bahçe,Mozaik virüsüne karşı dirençli çeşitler ekin ve biyolojik vektör kontrolü için faydalı böcekleri teşvik edin.
Sugercane leaf_Mosaic,doğal,uzun vade,sera,Serada vektör böcekleri azaltmak için doğal yırtıcıları kullanın ve bitki çeşitliliğini artırın.
Sugercane leaf_Mosaic,doğal,kısa vade,ev,Enfekte yaprakları hemen çıkarın ve bitki özsuyu emen böcekleri neem yağı ile kontrol edin.
Sugercane leaf_Mosaic,doğal,kısa vade,bahçe,Hastalıklı bitkileri temizleyin ve vektör böcekleri azaltmak için sarımsak veya biber ekstraktı spreyleri kullanın.
Sugercane leaf_Mosaic,doğal,kısa vade,sera,Serada enfekte bitkileri izole edin ve vektörleri kontrol etmek için bitkisel bazlı insektisitler uygulayın.
Sugercane leaf_Rust,kimyasal,uzun vade,ev,Pas hastalığını önlemek için düzenli olarak sistemik fungisit uygulayın ve bitkiyi stresten koruyun.
Sugercane leaf_Rust,kimyasal,uzun vade,bahçe,Uzun vadeli kontrol için uygun fungisit programı uygulayın ve bitki besin dengesini sağlayın.
Sugercane leaf_Rust,kimyasal,uzun vade,sera,Serada pas hastalığına karşı koruma için periyodik fungisit uygulayın ve nem seviyelerini izleyin.
Sugercane leaf_Rust,kimyasal,kısa vade,ev,Pas belirtileri görüldüğünde hemen kontakt fungisit uygulayın ve enfekte yaprakları temizleyin.
Sugercane leaf_Rust,kimyasal,kısa vade,bahçe,Hastalığın yayılmasını önlemek için hızlı etkili bir fungisit püskürtün ve enfekte bitki artıkları varsa uzaklaştırın.
Sugercane leaf_Rust,kimyasal,kısa vade,sera,Serada pas enfeksiyonunu kontrol altına almak için uygun bir fungisit kullanın ve hava sirkülasyonunu artırın.
Sugercane leaf_Rust,doğal,uzun vade,ev,Bitki direncini artırmak için düzenli olarak kompost çayı uygulayın ve sulama düzenini optimize edin.
Sugercane leaf_Rust,doğal,uzun vade,bahçe,Toprak sağlığını iyileştirmek için organik gübreler kullanın ve bitki bağışıklığını artırmak için malçlama yapın.
Sugercane leaf_Rust,doğal,uzun vade,sera,Serada faydalı mikroorganizmalar içeren ürünler kullanarak pas enfeksiyonuna karşı bitki sağlığını destekleyin.
Sugercane leaf_Rust,doğal,kısa vade,ev,Pas hastalığını hızla kontrol altına almak için karbonatlı su veya neem yağı ile yaprakları püskürtün.
Sugercane leaf_Rust,doğal,kısa vade,bahçe,Hastalıklı yaprakları temizleyin ve doğal bir çözüm için sarımsak suyu veya biber ekstraktı uygulayın.
Sugercane leaf_Rust,doğal,kısa vade,sera,Serada doğal yolla kontrol için sütlü su veya bitkisel yağ bazlı çözeltiler püskürtün.
Sugercane leaf_Yellow,kimyasal,uzun vade,ev,Yaprak sararmasını önlemek için demir ve çinko içeren yaprak gübreleri düzenli olarak uygulayın.
Sugercane leaf_Yellow,kimyasal,uzun vade,bahçe,Sararma sorunlarını önlemek için besin eksikliklerini gideren uygun kimyasal gübreler kullanın.
Sugercane leaf_Yellow,kimyasal,uzun vade,sera,Serada bitkilerin dengeli beslenmesi için mikro element içeren gübreleri düzenli olarak kullanın.
Sugercane leaf_Yellow,kimyasal,kısa vade,ev,Yaprak sararmasını hızla düzeltmek için sıvı demir veya magnezyum gübreleri yapraklara püskürtün.
Sugercane leaf_Yellow,kimyasal,kısa vade,bahçe,Bahçede sararmayı düzeltmek için hızlı etkili bir yaprak gübresi uygulayın ve sulama düzenini kontrol edin.
Sugercane leaf_Yellow,kimyasal,kısa vade,sera,Serada sararma belirtilerine karşı sıvı mikro element gübreleri kullanarak bitkileri destekleyin.
Sugercane leaf_Yellow,doğal,uzun vade,ev,Bitki sağlığını artırmak için kompost çayı veya organik sıvı gübreler uygulayın.
Sugercane leaf_Yellow,doğal,uzun vade,bahçe,Toprak sağlığını artırmak için doğal gübreler ve malç kullanarak bitki direncini destekleyin.
Sugercane leaf_Yellow,doğal,uzun vade,sera,Serada yaprak sağlığını korumak için biyostimülanlar ve organik gübrelerle bitkileri besleyin.
Sugercane leaf_Yellow,doğal,kısa vade,ev,Hızlı bir çözüm için sarımsak suyu veya deniz yosunu özütüyle yaprakları besleyin.
Sugercane leaf_Yellow,doğal,kısa vade,bahçe,Sarı yaprakları hızlıca düzeltmek için kompost çayı veya karbonatlı su ile püskürtme yapın.
Sugercane leaf_Yellow,doğal,kısa vade,sera,Serada sararma belirtilerine karşı sütlü su veya organik sıvı gübreler uygulayın.
Tomato leaf_Bacteria spot,kimyasal,uzun vade,ev,Düzenli olarak azotlu gübreleme yapmaktan kaçının.
Tomato leaf_Bacteria spot,kimyasal,uzun vade,bahçe,Ekim nöbeti uygulayın ve hastalıklı bitki artıklarını tarladan uzaklaştırın.
Tomato leaf_Bacteria spot,kimyasal,uzun vade,sera,Serayı düzenli olarak havalandırarak nem seviyesini kontrol altında tutun.
Tomato leaf_Bacteria spot,kimyasal,kısa vade,ev,Çözüm için bakır içerikli koruyucu bir fungisit kullanın.
Tomato leaf_Bacteria spot,kimyasal,kısa vade,bahçe,Kimyasal müdahale için bakır bazlı ilaçlar kullanarak hastalığı hızla kontrol altına alın.
Tomato leaf_Bacteria spot,kimyasal,kısa vade,sera,Serada enfekte yaprakları temizleyin ve koruyucu fungisit püskürtün.
Tomato leaf_Bacteria spot,doğal,uzun vade,ev,Neem yağı uygulayarak bakteriyel lekelerin yayılmasını önleyin.
Tomato leaf_Bacteria spot,doğal,uzun vade,bahçe,Kompost çayı ile bitki yapraklarını besleyerek doğal bağışıklığı artırın.
Tomato leaf_Bacteria spot,doğal,uzun vade,sera,Serada doğal mantar engelleyici karışımlar kullanarak bakteriyel sorunları azaltın.
Tomato leaf_Bacteria spot,doğal,kısa vade,ev,Sarımsak suyu veya Neem yağı karışımı püskürtün.
Tomato leaf_Bacteria spot,doğal,kısa vade,bahçe,Sütlü su (1 ölçü süt ve 9 ölçü su) karışımını yapraklara püskürtün.
Tomato leaf_Bacteria spot,doğal,kısa vade,sera,Sirke ve su karışımıyla yaprakları yıkayın.
Tomato leaf_Early blight,kimyasal,uzun vade,ev,Bitkilere bakır bazlı fungisit uygulayarak hastalığı kontrol altında tutun.
Tomato leaf_Early blight,kimyasal,uzun vade,bahçe,Mantar ilacı kullanarak hastalığın yapraklardan yayılmasını önleyin.
Tomato leaf_Early blight,kimyasal,uzun vade,sera,Serada sistemik bir fungisit ile enfekte yaprakları tedavi edin.
Tomato leaf_Early blight,kimyasal,kısa vade,ev,Hastalıklı yapraklara hızla etkili bir bakır fungisit püskürtün.
Tomato leaf_Early blight,kimyasal,kısa vade,bahçe,Hızlı etki için uygun dozda bir mantar ilacı uygulayın.
Tomato leaf_Early blight,kimyasal,kısa vade,sera,Serada enfekte alanları fungisit ile püskürtün.
Tomato leaf_Early blight,doğal,uzun vade,ev,Kompost çayıyla yaprakları düzenli besleyerek bitkiyi güçlendirin.
Tomato leaf_Early blight,doğal,uzun vade,bahçe,Toprağa malç uygulaması yaparak toprağı zenginleştirin.
Tomato leaf_Early blight,doğal,uzun vade,sera,Faydalı mikroorganizmalar içeren doğal çözümlerle seradaki bitkileri destekleyin.
Tomato leaf_Early blight,doğal,kısa vade,ev,Yapraklara sarımsak veya soğan suyu püskürtün.
Tomato leaf_Early blight,doğal,kısa vade,bahçe,Neem yağı veya karbonatlı su uygulayarak erken müdahale yapın.
Tomato leaf_Early blight,doğal,kısa vade,sera,Bitkilere sirke-su karışımıyla püskürtün.
Tomato leaf_Healthy,kimyasal,uzun vade,ev,Dayanıklı domates çeşitlerini tercih edin ve dengeli gübreleme yapın.
Tomato leaf_Healthy,kimyasal,uzun vade,bahçe,Bitkiyi desteklemek için toprağı analiz ettirerek uygun gübreleme yapın.
Tomato leaf_Healthy,kimyasal,uzun vade,sera,Serada azotlu gübre kullanımını kontrol ederek bitki sağlığını artırın.
Tomato leaf_Healthy,kimyasal,kısa vade,ev,Hızlı etki için bitkiyi düzenli olarak bakır bazlı ürünlerle koruyun.
Tomato leaf_Healthy,kimyasal,kısa vade,bahçe,Bitkinin direncini artırmak için yaprak gübreleri kullanın.
Tomato leaf_Healthy,kimyasal,kısa vade,sera,Serada gübreleme ve sulamayı dengeli yaparak sağlıklı büyümeyi destekleyin.
Tomato leaf_Healthy,doğal,uzun vade,ev,Organik kompost çayıyla düzenli olarak besleme yaparak bitkiyi güçlendirin.
Tomato leaf_Healthy,doğal,uzun vade,bahçe,Malçlama yaparak toprağın nemini koruyun ve bitkiyi stresten uzak tutun.
Tomato leaf_Healthy,doğal,uzun vade,sera,Faydalı mikroorganizmalar içeren ürünlerle bitkiyi besleyerek uzun vadede sağlığını koruyun.
Tomato leaf_Healthy,doğal,kısa vade,ev,Neem yağı veya balık emülsiyonu kullanarak bitkiyi destekleyin.
Tomato leaf_Healthy,doğal,kısa vade,bahçe,Sarımsak suyu ile püskürtme yaparak doğal koruma sağlayın.
Tomato leaf_Healthy,doğal,kısa vade,sera,Serada sirke-su karışımıyla yaprakları temizleyerek enfeksiyon riskini azaltın.
Tomato leaf_Late blight,kimyasal,uzun vade,ev,Hastalık yayılımını önlemek için bakır içeren bir mantar ilacı uygulayın.
Tomato leaf_Late blight,kimyasal,uzun vade,bahçe,Mantar ilacını düzenli olarak yapraklara uygulayarak bitkiyi koruyun.
Tomato leaf_Late blight,kimyasal,uzun vade,sera,Serada sistemik fungisit ile hastalığı kontrol edin.
Tomato leaf_Late blight,kimyasal,kısa vade,ev,Hızlı etki için bakır bazlı bir fungisit püskürtün.
Tomato leaf_Late blight,kimyasal,kısa vade,bahçe,Enfekte yaprakları tedavi etmek için uygun dozda mantar ilacı uygulayın.
Tomato leaf_Late blight,kimyasal,kısa vade,sera,Serada enfekte yapraklara doğrudan mantar ilacı püskürtün.
Tomato leaf_Late blight,doğal,uzun vade,ev,Kompost çayı ile bitkileri düzenli olarak besleyerek direnci artırın.
Tomato leaf_Late blight,doğal,uzun vade,bahçe,Toprakta malçlama yaparak nem kontrolü sağlayın ve hastalık riskini azaltın.
Tomato leaf_Late blight,doğal,uzun vade,sera,Serada biyolojik ajanlar ve doğal mantar önleyiciler kullanın.
Tomato leaf_Late blight,doğal,kısa vade,ev,Sütlü su karışımı püskürterek doğal tedavi sağlayın.
Tomato leaf_Late blight,doğal,kısa vade,bahçe,Neem yağı ile enfekte yaprakları hızlıca tedavi edin.
Tomato leaf_Late blight,doğal,kısa vade,sera,Karbonatlı su ile yapraklara püskürtme yapın.
Tomato leaf_Mold,kimyasal,uzun vade,ev,Etkili bir sistemik fungisit uygulayın ve yaprak aralıklarını düzenli olarak kontrol edin.
Tomato leaf_Mold,kimyasal,uzun vade,bahçe,Bahçede mantar ilaçlarını periyodik olarak kullanarak bitkilerin sağlığını koruyun ve nem seviyesini düşük tutun.
Tomato leaf_Mold,kimyasal,uzun vade,sera,Serada sistemik bir fungisit kullanarak enfeksiyonun yayılmasını önleyin. Havalandırmayı artırın.
Tomato leaf_Mold,kimyasal,kısa vade,ev,Hızlı bir müdahale için bakır bazlı bir mantar ilacı püskürtün ve enfekte yaprakları temizleyin.
Tomato leaf_Mold,kimyasal,kısa vade,bahçe,Bahçede hastalık belirtileri görüldüğünde hızlı etki için uygun bir fungisit uygulayın.
Tomato leaf_Mold,kimyasal,kısa vade,sera,Serada enfekte yapraklara uygun dozda fungisit püskürtün ve bitki kalıntılarını toplayarak imha edin.
Tomato leaf_Mold,doğal,uzun vade,ev,Kompost çayı veya doğal mantar önleyicilerle düzenli bakım yaparak bitkilerin bağışıklığını güçlendirin.
Tomato leaf_Mold,doğal,uzun vade,bahçe,Bahçede Neem yağı veya karbonatlı su ile yaprakları periyodik olarak koruyun.
Tomato leaf_Mold,doğal,uzun vade,sera,Serada biyolojik mantar önleyiciler kullanarak enfeksiyon riskini minimuma indirin ve nem kontrolü sağlayın.
Tomato leaf_Mold,doğal,kısa vade,ev,Karbonatlı su veya sarımsak suyu püskürterek enfekte yaprakları tedavi edin.
Tomato leaf_Mold,doğal,kısa vade,bahçe,Hızlı çözüm için sütlü su (1 ölçü süt ve  9 ölçü su) karışımını yapraklara uygulayın.
Tomato leaf_Mold,doğal,kısa vade,sera,Serada neem yağı veya sirke-su karışımını yapraklara püskürterek hastalık belirtilerini kontrol altına alın.
Tomato leaf_Mosaic virus,kimyasal,uzun vade,ev,Hastalığı taşıyan yaprak bitleriyle mücadele etmek için sistemik bir böcek ilacı kullanın. Enfekte yaprakları düzenli olarak temizleyin ve imha edin.
Tomato leaf_Mosaic virus,kimyasal,uzun vade,bahçe,Yaprak bitlerini kontrol altında tutmak için sistemik insektisitler uygulayın. Bahçedeki enfekte bitki kalıntılarını temizleyerek virüsün yayılmasını önleyin.
Tomato leaf_Mosaic virus,kimyasal,uzun vade,sera,Serada düzenli böcek kontrolü yaparak yaprak bitleri gibi vektörlerin önüne geçin. Sistemik böcek ilacı ile bulaşmayı minimuma indirin.
Tomato leaf_Mosaic virus,kimyasal,kısa vade,ev,Hastalık belirtileri görülen yapraklara sistemik böcek ilacı püskürtün ve etkilenen yaprakları hemen çıkarın.
Tomato leaf_Mosaic virus,kimyasal,kısa vade,bahçe,Virüs taşıyan yaprak bitlerini hızlıca kontrol altına almak için uygun bir insektisit püskürtün.
Tomato leaf_Mosaic virus,kimyasal,kısa vade,sera,Serada yaprak bitlerini hızla yok etmek için etkili bir sistemik böcek ilacı uygulayın. Enfekte yaprakları toplayıp atın.
Tomato leaf_Mosaic virus,doğal,uzun vade,ev,Yaprak bitlerini caydırmak için Neem yağı veya sarımsak yağı püskürtün. Düzenli olarak hastalıklı yaprakları kontrol edin ve imha edin.
Tomato leaf_Mosaic virus,doğal,uzun vade,bahçe,Doğal böcek tuzakları yerleştirerek yaprak bitlerini kontrol altında tutun. Virüsün yayılmasını önlemek için kompost çayı ile bitkileri besleyin.
Tomato leaf_Mosaic virus,doğal,uzun vade,sera,Serada doğal böcek kovucular ve faydalı böcekler kullanarak yaprak bitlerini azaltın. Enfekte bitkileri erken dönemde ayıklayın.
Tomato leaf_Mosaic virus,doğal,kısa vade,ev,Neem yağı veya sarımsak suyu püskürterek yaprak bitlerini hızlıca etkisiz hale getirin. Etkilenen yaprakları toplayarak imha edin.
Tomato leaf_Mosaic virus,doğal,kısa vade,bahçe,Hızlı bir müdahale için organik sabunlu su karışımı yapraklara püskürtün. Enfekte yaprakları hemen temizleyin.
Tomato leaf_Mosaic virus,doğal,kısa vade,sera,Serada doğal kovucular veya bitki bazlı yağlarla yaprak bitlerini kontrol edin. Hastalıklı bitkilerden hızlıca kurtulun.
Tomato leaf_Septoria spot,kimyasal,uzun vade,ev,Bakır içeren mantar ilaçlarını düzenli olarak kullanarak enfeksiyonu kontrol altına alın. Yaprak temizliği yapmayı ihmal etmeyin.
Tomato leaf_Septoria spot,kimyasal,uzun vade,bahçe,Düzenli fungisit uygulamaları ile enfekte yaprakların mantar sporlarını baskılayın. Bahçeyi temiz tutarak hastalık riskini azaltın.
Tomato leaf_Septoria spot,kimyasal,uzun vade,sera,Serada sistemik fungisitlerle enfeksiyonu önleyin ve hastalık yapraklara yayılmadan tedbir alın.
Tomato leaf_Septoria spot,kimyasal,kısa vade,ev,Etkilenen yapraklara mantar ilacı püskürtün. Temizlik yaparak spor yayılmasını engelleyin.
Tomato leaf_Septoria spot,kimyasal,kısa vade,bahçe,Hızlı tedavi için yapraklara bakır içeren bir mantar ilacı uygulayın ve enfekte yaprakları uzaklaştırın.
Tomato leaf_Septoria spot,kimyasal,kısa vade,sera,Serada mantar ilacı ile enfekte alanları hedefleyerek tedavi edin. Yaprak temizliği yapmayı ihmal etmeyin.
Tomato leaf_Septoria spot,doğal,uzun vade,ev,Bitki direncini artırmak için kompost çayı püskürtün ve düzenli bakım yapın. Enfekte yaprakları toplayarak imha edin.
Tomato leaf_Septoria spot,doğal,uzun vade,bahçe,Bahçede hastalık riskini azaltmak için karbonatlı su püskürtün ve hastalıklı yaprakları temizleyin.
Tomato leaf_Septoria spot,doğal,uzun vade,sera,Serada faydalı mikroorganizmalar içeren ürünler kullanarak mantar sporlarını baskılayın.
Tomato leaf_Septoria spot,doğal,kısa vade,ev,Karbonatlı su karışımı yapraklara püskürterek hastalığı kontrol edin. Enfekte yaprakları hemen toplayarak imha edin.
Tomato leaf_Septoria spot,doğal,kısa vade,bahçe,Neem yağı püskürterek hastalığın yayılmasını önleyin ve enfekte yaprakları hemen toplayın.
Tomato leaf_Septoria spot,doğal,kısa vade,sera,Serada karbonatlı su veya sirke-su karışımı ile yaprakları tedavi edin. Temizlik yaparak enfeksiyon yayılmasını durdurun.
Tomato leaf_Target spot,kimyasal,uzun vade,ev,Hastalığın kontrolü için sistemik bir mantar ilacı uygulayın. Yaprak temizliği yaparak mantar sporlarının yayılmasını önleyin.
Tomato leaf_Target spot,kimyasal,uzun vade,bahçe,Bahçede düzenli aralıklarla fungisit uygulayın ve enfekte yaprakları toplayarak imha edin.
Tomato leaf_Target spot,kimyasal,uzun vade,sera,Serada etkili bir fungisit kullanarak enfeksiyonu kontrol altına alın. Bitkiler arasında hava sirkülasyonu sağlayın.
Tomato leaf_Target spot,kimyasal,kısa vade,ev,Hastalık görülen yapraklara mantar ilacı püskürterek hızlı bir müdahale yapın.
Tomato leaf_Target spot,kimyasal,kısa vade,bahçe,Hızlı etki için bakır içerikli mantar ilacı uygulayın. Enfekte yaprakları budamayı unutmayın.
Tomato leaf_Target spot,kimyasal,kısa vade,sera,Serada hastalıklı yapraklara uygun bir fungisit püskürtün ve enfekte alanları hemen temizleyin.
Tomato leaf_Target spot,doğal,uzun vade,ev,Kompost çayı püskürterek bitki bağışıklığını artırın. Düzenli yaprak bakımı yapmayı ihmal etmeyin.
Tomato leaf_Target spot,doğal,uzun vade,bahçe,Bahçede karbonatlı su veya sirke-su karışımı ile yaprakları düzenli olarak tedavi edin.
Tomato leaf_Target spot,doğal,uzun vade,sera,Serada biyolojik mantar önleyiciler kullanarak hastalık riskini düşürün. Hava akışını düzenli tutun.
Tomato leaf_Target spot,doğal,kısa vade,ev,Karbonatlı su karışımını enfekte yapraklara püskürterek mantar sporlarını kontrol altına alın.
Tomato leaf_Target spot,doğal,kısa vade,bahçe,Neem yağı kullanarak hastalıklı yaprakları tedavi edin. Enfekte bitki kalıntılarını temizleyin.
Tomato leaf_Target spot,doğal,kısa vade,sera,Serada doğal mantar önleyici karışımlar püskürtün ve hastalıklı yaprakları hızlıca temizleyin.
Tomato leaf_Two spotted spider mites,kimyasal,uzun vade,ev,Akar ilacı ile düzenli kontrol sağlayarak yaprak zararlılarını etkisiz hale getirin.
Tomato leaf_Two spotted spider mites,kimyasal,uzun vade,bahçe,Bahçede sistemik akar ilaçları kullanarak zararlı popülasyonunu kontrol altında tutun.
Tomato leaf_Two spotted spider mites,kimyasal,uzun vade,sera,Serada yapraklarda akar ilaçları kullanarak zararlıları engelleyin ve düzenli temizlik yapın.
Tomato leaf_Two spotted spider mites,kimyasal,kısa vade,ev,Yapraklara hızlıca uygun bir akar ilacı püskürtün.
Tomato leaf_Two spotted spider mites,kimyasal,kısa vade,bahçe,Bahçede akar ilacı ile hızlı müdahale yaparak zararlıları kontrol altına alın.
Tomato leaf_Two spotted spider mites,kimyasal,kısa vade,sera,Serada etkili bir kimyasal ilaç uygulayın.
Tomato leaf_Two spotted spider mites,doğal,uzun vade,ev,Neem yağı veya sarımsak yağı ile düzenli püskürtme yaparak zararlıları uzak tutun.
Tomato leaf_Two spotted spider mites,doğal,uzun vade,bahçe,Bahçede doğal böcek kovucular kullanarak yaprak akarlarını kontrol edin ve faydalı böcekleri teşvik edin.
Tomato leaf_Two spotted spider mites,doğal,uzun vade,sera,Serada neem yağı püskürterek zararlıları uzaklaştırın ve biyolojik kontrol sağlayın.
Tomato leaf_Two spotted spider mites,doğal,kısa vade,ev,Sarımsak suyu veya neem yağı ile yapraklara hızlı bir şekilde müdahale edin.
Tomato leaf_Two spotted spider mites,doğal,kısa vade,bahçe,Doğal sabunlu su karışımı püskürterek akarları hızla etkisiz hale getirin.
Tomato leaf_Two spotted spider mites,doğal,kısa vade,sera,Serada yapraklara neem yağı veya sarımsak yağı püskürterek zararlılara müdahale edin.
Tomato leaf_Yellow virus,kimyasal,uzun vade,ev,Virüsü taşıyan beyaz sinekleri kontrol etmek için sistemik bir böcek ilacı kullanın. Yaprak temizliği yaparak hastalığı baskılayın.
Tomato leaf_Yellow virus,kimyasal,uzun vade,bahçe,Beyaz sinek popülasyonunu kontrol altına almak için düzenli böcek ilacı uygulayın ve enfekte yaprakları imha edin.
Tomato leaf_Yellow virus,kimyasal,uzun vade,sera,Serada etkili bir böcek ilacı kullanarak beyaz sineklerden kaynaklı bulaşmayı önleyin.
Tomato leaf_Yellow virus,kimyasal,kısa vade,ev,Beyaz sineklere hızlı müdahale için uygun bir insektisit püskürtün ve hastalıklı yaprakları temizleyin.
Tomato leaf_Yellow virus,kimyasal,kısa vade,bahçe,Bahçede beyaz sineklere yönelik bir böcek ilacı püskürterek virüsün yayılmasını önleyin.
Tomato leaf_Yellow virus,kimyasal,kısa vade,sera,Serada beyaz sineklere karşı etkili bir böcek ilacı uygulayın ve temizliği ihmal etmeyin.
Tomato leaf_Yellow virus,doğal,uzun vade,ev,Neem yağı veya sarımsak püskürterek beyaz sinekleri uzaklaştırın. Bitkilerin genel sağlığını artırmak için kompost çayı kullanın.
Tomato leaf_Yellow virus,doğal,uzun vade,bahçe,Doğal böcek kovucular ve faydalı böceklerle beyaz sinekleri kontrol altında tutun.
Tomato leaf_Yellow virus,doğal,uzun vade,sera,Serada beyaz sinekleri doğal kovucularla önleyin ve faydalı böcekler yerleştirin.
Tomato leaf_Yellow virus,doğal,kısa vade,ev,Hızlı bir çözüm için neem yağı püskürterek beyaz sinekleri uzaklaştırın.
Tomato leaf_Yellow virus,doğal,kısa vade,bahçe,Neem yağı veya sabunlu su karışımıyla beyaz sinekleri etkisiz hale getirin.
Tomato leaf_Yellow virus,doğal,kısa vade,sera,Serada beyaz sineklere karşı neem yağı veya doğal sabunlu su püskürtün.
Squash___Powdery_mildew,kimyasal,uzun vade,ev,Çiçeklenme öncesinde düzenli olarak kükürt bazlı bir fungisit uygulayın. Bitkileri iyi havalandırılmış bir ortamda tutarak hastalığı önleyin.
Squash___Powdery_mildew,kimyasal,uzun vade,bahçe,Bahar başında myclobutanil veya propikonazol gibi sistemik fungisitler uygulayın. Bitkiler arasında yeterli mesafe bırakarak hava dolaşımını artırın.
Squash___Powdery_mildew,kimyasal,uzun vade,sera,Serada yüksek nemi kontrol altına alarak önlem alın. Kükürt içerikli spreyleri büyüme sezonu boyunca 2-3 haftada bir uygulayın.
Squash___Powdery_mildew,kimyasal,kısa vade,ev,İlk enfeksiyon belirtisi dönemindeyseniz triflumizole bazlı bir fungisit kullanın. Etkilenen yaprakları kesin ve ortamı havalandırın.
Squash___Powdery_mildew,kimyasal,kısa vade,bahçe,Hızlı etki için mancozeb veya dinocap içeren bir fungisit kullanarak enfekte olmuş alanları tedavi edin. Yaprakların alt ve üst yüzeylerini iyice kaplayın.
Squash___Powdery_mildew,kimyasal,kısa vade,sera,Hızlı müdahale için kükürt veya chlorothalonil bazlı fungisit uygulayın. Sera içindeki hava sirkülasyonunu artırarak mantar yayılımını durdurun.
Squash___Powdery_mildew,doğal,uzun vade,ev,Haftada bir Neem yağı uygulayarak bitkiyi mantara karşı koruyun. Sulama sırasında yaprakları kuru tutmaya dikkat edin.
Squash___Powdery_mildew,doğal,uzun vade,bahçe,Sütlü su karışımı (1 ölçü süt ve  9 ölçü su) hazırlayarak haftalık sprey yapın. Ayrıca toprak sağlığını artırmak için organik kompost kullanın.
Squash___Powdery_mildew,doğal,uzun vade,sera,Serada organik kükürt veya karbonatlı su spreyini düzenli olarak uygulayın. Nem kontrolü sağlamak için seranın havalandırmasını düzenli yapın.
Squash___Powdery_mildew,doğal,kısa vade,ev,Karbonatlı su (1 litre suya 1 çay kaşığı karbonat) veya elma sirkesi karışımı püskürtün. Etkilenen yaprakları budayarak uzaklaştırın
Squash___Powdery_mildew,doğal,kısa vade,bahçe,Hastalığın başlangıcındaysanız sütlü su veya Neem yağı spreyini haftada 1 kez uygulayın. Enfekte olmuş yaprakları kompost yapmadan yok edin.
Squash___Powdery_mildew,doğal,kısa vade,sera,Karbonatlı su veya organik kükürt spreyini 3-4 günde bir uygulayın. Ayrıca serayı düzenli olarak havalandırarak mantar sporlarının yayılmasını engelleyin.
